last_name, first_name,player_id,year,pitch_hand,ff_avg_speed,ff_avg_spin,ff_avg_break_x,ff_avg_break_z,sl_avg_speed,sl_avg_spin,sl_avg_break_x,sl_avg_break_z,ch_avg_speed,ch_avg_spin,ch_avg_break_x,ch_avg_break_z,cu_avg_speed,cu_avg_spin,cu_avg_break_x,cu_avg_break_z,si_avg_speed,si_avg_spin,si_avg_break_x,si_avg_break_z,fc_avg_speed,fc_avg_spin,fc_avg_break_x,fc_avg_break_z,fs_avg_speed,fs_avg_spin,fs_avg_break_x,fs_avg_break_z
Wainwright, Adam,425794,2022,R,88,2234,-1.4,-20.1,,,,,82.2,1765,-14.3,-32.4,72.9,2776,16.1,-67.2,88.6,2201,-13,-22.7,84.3,2411,6.3,-32.1,,,,
Greinke, Zack,425844,2022,R,89.1,2286,-2,-18.4,82.2,2435,8.1,-34.4,86.5,1644,-12.8,-32.6,72,2433,12.5,-64.4,89.3,2203,-10.8,-23,85.8,2377,6.7,-30.9,,,,
Verlander, Justin,434378,2022,R,95,2423,-9.5,-11.4,87.4,2465,4,-31,86.2,1756,-15.7,-26.5,79,2643,6.9,-55.3,,,,,,,,,,,,
Sanchez, Anibal,434671,2022,R,89.9,2065,-3.7,-17.1,83.2,2174,5.1,-34.6,79.9,1470,-13.4,-35.3,75.4,1953,3,-51.1,89.1,1926,-12.3,-21,87.3,2095,0.2,-23.5,,,,
Jansen, Kenley,445276,2022,R,,,,,81.2,2459,4.6,-47.4,,,,,,,,,93.6,2231,-4.6,-11.8,92.2,2567,8.4,-15.8,,,,
Chavez, Jesse,445926,2022,R,90.6,2056,-11.7,-20.5,,,,,85.5,1826,-15.8,-35.7,76.9,2512,15,-51,91.2,1974,-16.5,-25.6,89.1,2223,-1.9,-21.5,,,,
Detwiler, Ross,446321,2022,L,92.4,2243,8.8,-15,,,,,86.8,1468,12.8,-29.9,77,2141,-6.2,-56,91.8,2072,15.4,-22.2,86,2150,-2.3,-32.5,,,,
Kluber, Corey,446372,2022,R,88.9,2271,-6.3,-20.2,,,,,82.9,1653,-13.6,-33.7,80.7,2526,16.5,-41,88.9,2075,-16.3,-26.1,86.3,2463,2.9,-28.1,,,,
Hill, Rich,448179,2022,L,88.5,2252,8.2,-16.4,69.2,2531,-22.7,-56.5,82.7,1875,15.6,-33.3,71.9,2636,-17.8,-67.5,86.1,2145,17.3,-26.8,84.2,2273,-1.9,-29.6,,,,
Morton, Charlie,450203,2022,R,94.9,2374,-10.5,-17.8,,,,,87.2,2154,-17.6,-34.5,81.3,3068,15.5,-51.1,94.7,2192,-17.1,-25.4,88.4,2551,1.8,-29.7,,,,
Kennedy, Ian,453178,2022,R,93.4,2447,-10.4,-14.1,,,,,85.7,1224,-8.4,-29,79.6,2555,8.3,-50.5,,,,,85.8,2010,3.1,-33.2,,,,
Bard, Daniel,453268,2022,R,97.8,2634,-6.3,-16.4,88.4,2775,7.5,-32.6,90.2,2264,-16,-27.1,,,,,98,2507,-14.5,-21.4,,,,,,,,
Scherzer, Max,453286,2022,R,94,2387,-11.1,-15,85,2303,3.2,-34.7,84.1,1399,-14.9,-34.9,75,2764,16.6,-58.4,,,,,89.2,2391,0.3,-25.9,,,,
Melancon, Mark,453343,2022,R,91.7,2324,-8.4,-20.5,84.1,2314,2.5,-35.8,,,,,81.7,2587,4.6,-55.7,,,,,90.9,2266,1,-23.6,83.7,1831,-12.2,-28.3
Martin, Chris,455119,2022,R,95.3,2182,-7.7,-15.9,84.1,2422,13.1,-40.3,,,,,83.9,2577,7.5,-50.2,94.6,2068,-14.3,-19.7,91.7,2158,2.4,-26.1,88.4,1507,-12.4,-31.7
Price, David,456034,2022,L,92.1,1888,10.6,-20.2,,,,,83.9,1627,14.6,-33.2,78.4,2224,-8.4,-47.8,92.4,1888,15.1,-22.2,87.9,1954,0,-27.7,,,,
Cueto, Johnny,456501,2022,R,91.4,2189,-12.1,-17.8,83.5,2237,2.7,-33.7,82.6,1326,-12.2,-36,69.9,2095,3.5,-57,91.4,2112,-16.8,-23.5,86.9,2177,-3.3,-26.1,,,,
Bush, Matt,456713,2022,R,97.3,2525,-6.7,-10.1,,,,,,,,,81,2480,8.4,-51.8,,,,,92.9,2617,2.2,-22.2,,,,
Lynn, Lance,458681,2022,R,93,2443,-3.7,-18.3,86.6,2555,3.6,-33.5,85.8,1864,-11.8,-31.6,82,2497,10.4,-42.2,91.5,2317,-10.9,-25.8,89,2608,2.2,-29,,,,
McGee, Jake,459429,2022,L,94.4,2079,11.7,-15.8,85.2,1842,-1.1,-31.6,,,,,,,,,,,,,,,,,,,,
Chacin, Jhoulys,468504,2022,R,92.6,2379,-3.1,-18.4,87,2630,4.1,-31.2,85.4,1469,-5.9,-32.8,79.8,2564,14.7,-43.9,92.9,2304,-11.6,-22.1,,,,,,,,
Carrasco, Carlos,471911,2022,R,93.2,2283,-7.5,-17.5,84.9,2457,2.3,-35.6,87.4,1308,-8.2,-34.6,81.1,2645,7.3,-46.4,91.9,2163,-16.2,-24.9,,,,,,,,
Garcia, Luis,472610,2022,R,97.4,2247,-5,-19.7,82.7,2482,12.1,-38.3,,,,,,,,,98.7,2142,-14.8,-18.3,,,,,88.8,1098,-9,-31
Phelps, David,475479,2022,R,93.2,2359,-8.7,-13.6,,,,,86.5,2171,-18,-28.3,81.7,2532,3.4,-48.4,93.2,2230,-15.5,-18.1,89.8,2421,0.8,-19.7,,,,
Luetge, Lucas,476595,2022,L,,,,,77.4,2691,-19.3,-47.5,,,,,73.5,2428,-10.3,-66.4,,,,,87.6,2591,-5.1,-29.1,,,,
Kershaw, Clayton,477132,2022,L,90.7,2408,-0.5,-14.7,86.6,2577,-5.4,-29.8,83.8,2126,12.5,-23.3,73.2,2395,-4.9,-66.9,90.8,2390,8,-14.5,,,,,,,,
Miley, Wade,489119,2022,L,89.1,2263,3.3,-16.7,,2345,-11.1,-40.2,81.4,1835,16.1,-34.6,73.5,2438,-9.5,-62.5,88.3,2080,13,-20.8,85.1,2284,-2.9,-29.7,,,,
Stammen, Craig,489334,2022,R,91,2296,-6.6,-22.5,78.6,2382,10.9,-43.5,86.9,1703,-14.9,-27.4,79.6,2321,8,-53.5,91.4,2210,-14.2,-22.1,87.8,2315,1.4,-27.6,,,,
Ottavino, Adam,493603,2022,R,94.8,2351,-8.2,-16.6,77,2700,17.7,-40.1,89.1,2080,-16.5,-33.3,,,,,94.2,2253,-16.4,-24.7,87.8,2564,3.4,-29.4,,,,
Quintana, Jose,500779,2022,L,91.2,2077,2.4,-17.7,81.5,,,,86.4,1319,11.7,-30.8,78.4,2261,-7.9,-51.2,91.4,2070,12.6,-19.7,,,,,,,,
Pineda, Michael,501381,2022,R,89.9,1934,-5.5,-19.8,81,1933,0.6,-41.2,85.3,1713,-15,-29.1,,,,,,,,,,,,,,,,
Smith, Joe,501925,2022,R,86,2053,-17.3,-32.2,,2223,13.7,-37.3,,,,,,,,,83.6,1895,-14.3,-48.3,,,,,,,,
Minor, Mike,501985,2022,L,90.4,2472,3.9,-19.2,80.7,2699,-3.5,-33.7,84.2,2175,16.7,-28.8,79.2,2437,-7.1,-55,89.9,2567,13.8,-22.4,,,,,,,,
Archer, Chris,502042,2022,R,93,2174,-6.4,-13.1,80.3,2464,5.2,-30.5,87,1705,-13,-26.9,81.7,2459,5,-46.6,,,,,,,,,,,,
Gibson, Kyle,502043,2022,R,92,2279,-6.3,-16.4,76.9,2509,5.1,-40.2,84.6,1621,-14.8,-34.6,79,2468,7.3,-52.7,91.6,2133,-14.5,-25.4,89.4,2359,0.8,-24.8,,,,
Robertson, David,502085,2022,R,,,,,85.4,2651,8.6,-38.3,,,,,84.7,2640,7.3,-49.5,,,,,93,2611,0.7,-14.5,,,,
Cobb, Alex,502171,2022,R,95.5,2251,-7.9,-14,88.7,,,,,,,,83.8,2610,5.9,-51.9,94.8,2091,-15.8,-21.4,,,,,89.6,1578,-13,-32.2
Espino, Paolo,502179,2022,R,88.5,2228,-2.8,-15.9,83.3,2738,18.7,-44.2,83.6,1421,-12.3,-34.1,71.3,3006,13.1,-73.2,,,,,,,,,,,,
Boxberger, Brad,502202,2022,R,92.7,2385,-6,-14.5,83.9,2461,7,-29.2,81.2,1332,-11.2,-35.9,,,,,,,,,,,,,,,,
Anderson, Chase,502624,2022,R,91.9,2163,-6.8,-14.7,,2298,8.1,-33.2,82.9,2274,-16.6,-26,77.8,2201,6.1,-61.8,92.5,2165,-11.9,-16.5,90.2,2326,0.9,-18,,,,
Peralta, Wily,503449,2022,R,95.4,1944,-7.1,-13.7,77.7,2257,1.8,-38.6,,,,,,,,,95.5,1876,-11.9,-15.7,,,,,82.6,1165,-11.3,-31.9
Darvish, Yu,506433,2022,R,95,2420,-7.1,-13.5,87.3,2737,15,-42.6,,,,,72.7,2632,11.4,-67.2,94.7,2275,-14,-18.9,86.5,2755,5.2,-35.3,89.2,1309,-6.2,-29.4
Colome, Alex,517008,2022,R,94.5,2125,-2.4,-14.4,83.6,,,,,,,,,,,,,,,,90.8,2153,1.8,-26.5,,,,
Brasier, Ryan,518489,2022,R,95.9,2270,-7.1,-13.2,78.2,2469,6.4,-38,88.1,1340,-13.2,-25.5,,,,,96.1,2230,-15.7,-18.7,,,,,,,,
Bumgarner, Madison,518516,2022,L,91.2,2203,8,-17.8,83.6,2205,-5.8,-39.7,85.5,1480,13,-29.6,78.6,2304,-9.2,-47.1,91.2,2035,15.2,-20.2,87.4,2295,-2.9,-27.7,,,,
Cishek, Steve,518553,2022,R,89.3,2381,-12.1,-23.1,82.3,2275,16.2,-52.2,83.1,2013,-19.1,-38.3,,,,,89.8,2285,-17.7,-29.3,,,,,,,,
Diekman, Jake,518617,2022,L,95.6,2284,15.9,-17.6,,2850,-16,-40.3,86.4,1511,14.3,-32.9,,,,,95.3,2174,17.8,-22.5,,,,,,,,
Kelly, Merrill,518876,2022,R,92.6,2358,-8.1,-16.6,83.9,2416,1.8,-34.5,88.6,2160,-16.6,-32.3,82.2,2549,9.1,-50.9,92.6,2206,-16.1,-24.4,90.9,2338,-1.6,-20.1,,,,
Kimbrel, Craig,518886,2022,R,95.8,2264,-10.4,-15.4,85.5,,,,,,,,85.7,2542,10.2,-44,,,,,,,,,,,,
McFarland, T.J.,519008,2022,L,,,,,83.3,2258,-4.8,-46.4,81.8,1623,14.9,-40.5,,,,,88.8,1940,17.2,-34.2,,,,,,,,
Moore, Matt,519043,2022,L,93.9,2385,9.1,-13.2,76.5,,,,85,2020,17,-29.4,83.6,2434,-4.1,-50.2,,,,,,,,,,,,
Pressly, Ryan,519151,2022,R,94.5,2512,-3.2,-12.7,86.7,2729,5.1,-31,89.1,1974,-14.7,-30.7,81,3272,14.8,-56.2,,,,,,,,,,,,
Smith, Will,519293,2022,L,92.1,2179,8.6,-15.4,81.4,2259,-4.8,-38.5,87.4,2050,14.1,-24.2,76.9,1883,-8.9,-54.6,,,,,,,,,,,,
Strickland, Hunter,519326,2022,R,95,2352,-5,-16.9,81.7,2814,8.5,-39.4,89.8,1773,-13.4,-25.6,,,,,94.3,2236,-12.7,-20.6,,,,,,,,
Hendriks, Liam,521230,2022,R,97.6,2398,-6,-10.1,85,2201,2.5,-30.7,,,,,85.8,2189,3.2,-47.6,,,,,,,,,,,,
Kelly, Joe,523260,2022,R,97.1,2199,-10.1,-18.1,,,,,87.1,2045,-17.1,-30.1,88.1,2880,8.5,-43.1,97.9,2178,-15.2,-18.2,,,,,,,,
Perez, Martin,527048,2022,L,92.7,2055,10.9,-17.4,79.5,2397,-3.7,-32.8,84.4,1661,14.2,-29.6,78.8,2515,-6.3,-49,92.6,1997,16.4,-21.8,89.8,2215,1.1,-21.6,,,,
Castellanos, Humberto,528748,2022,R,89.4,2139,-6.5,-22.6,,2073,1.6,-29.2,84,1410,-15.2,-35.8,76.5,2406,11.7,-54,90.4,2030,-16.1,-31.3,,,,,,,,
Ramirez, Erasmo,541640,2022,R,93.7,2191,-8.2,-16.5,89.7,,,,85.4,1657,-12.9,-30.8,80.6,2562,7.2,-46.7,93.1,2206,-15.4,-24.8,89.2,2385,1.6,-25.3,,,,
Cisnero, Jose,542585,2022,R,95.5,2452,-11.2,-14.5,81.7,2566,5.4,-37,89.6,1756,-15.5,-27.3,,,,,95.1,2252,-16.2,-20.6,,,,,,,,
Anderson, Tyler,542881,2022,L,90.7,2231,7.5,-15.3,84.8,,,,79,1848,13.3,-34.8,73.2,2141,-2,-59.2,89,2227,17.2,-28,85.7,2421,-2.5,-27.2,,,,
Armstrong, Shawn,542888,2022,R,95.3,2302,-5.2,-14.2,89,2518,10.1,-38.9,,,,,,,,,95.6,2151,-15.5,-18.6,92.3,2460,4.7,-23.9,,,,
Bass, Anthony,542914,2022,R,95,2022,-6.4,-13.5,,2221,4.7,-38,,,,,,,,,95.4,1990,-13.7,-16.2,,,,,86.7,1289,-10.4,-26.5
Bleier, Richard,542947,2022,L,90.7,2103,7.1,-21.2,84.4,2017,-8.8,-48.3,82.9,1533,15.9,-35.1,,,,,89.8,2039,15.5,-30.6,87.3,1995,-0.9,-29.6,,,,
Cole, Gerrit,543037,2022,R,97.8,2428,-10.4,-10.5,86.2,2569,5,-34.2,89.7,1616,-14,-24.7,83,2779,10.2,-53,,,,,92,2485,0.5,-24.4,,,,
Eovaldi, Nathan,543135,2022,R,95.7,2128,-12.3,-15.5,,2171,6.6,-33.8,,,,,78.3,2061,9.7,-54.2,,,,,90.6,2376,1.4,-22.2,87.8,1561,-12.4,-34.1
Gray, Sonny,543243,2022,R,92.1,2540,-1.5,-16.8,85.4,2666,17.5,-47.5,87.1,1882,-14,-28.2,78.7,2831,14.4,-58.9,92,2439,-13.4,-22.7,83.4,2771,7.5,-44.8,,,,
Hand, Brad,543272,2022,L,92.6,2349,10.3,-17.1,,2282,-16.4,-47.9,,,,,,,,,92.4,2289,17.1,-21.8,,,,,,,,
Hendricks, Kyle,543294,2022,R,86.9,2020,-6,-20.4,86.1,,,,79.9,2040,-12.4,-32.2,72.7,2983,13.7,-67.5,86.5,1890,-12.9,-27.8,,,,,,,,
Lyles, Jordan,543475,2022,R,91.8,2204,-5.8,-15.5,86.6,2640,16.8,-44.2,86.3,1466,-13.7,-29.1,79.1,2434,7.6,-58.7,90.8,2097,-13.4,-20.8,84.8,2440,4.8,-34.6,,,,
May, Trevor,543507,2022,R,96.1,2293,-7.9,-12.7,77.7,2425,5.2,-40,87.3,1700,-13.5,-24.3,,,,,96.3,2384,-15.3,-11.5,,,,,87.2,1126,-7.5,-32.1
McHugh, Collin,543521,2022,R,91,2333,-10.8,-17.7,88.7,2784,16.4,-42.5,,,,,74.5,2799,13.1,-61.6,,,,,88.9,2511,0.8,-25.6,,,,
Odorizzi, Jake,543606,2022,R,92.1,2144,-9.8,-15,82.8,2067,6.5,-36.6,,,,,71.9,2209,10.1,-61.6,,,,,87.6,2077,2.6,-23.3,85.1,1324,-11.8,-31.1
Shaw, Bryan,543766,2022,R,,,,,87.4,2590,9.8,-39.1,81.8,1652,-8.7,-33.8,82.7,2230,6.8,-52.9,92.4,2020,-8.7,-24,92.9,2411,4.6,-23,,,,
Banuelos, Manny,544365,2022,L,93.7,2049,11.5,-17.8,85.9,2415,-5.2,-34,83.1,1703,15.7,-34.5,81.7,2465,-10.3,-39.5,93.4,1820,16.1,-23.6,,,,,,,,
Familia, Jeurys,544727,2022,R,95.4,2297,-10.2,-16.4,86.1,2185,-0.6,-28.1,,,,,,,,,95.2,2190,-15.5,-26.8,,,,,92.5,1802,-16.3,-28.1
Head, Louis,545343,2022,R,93.6,2173,-5.5,-15.7,81.6,2624,13,-43.2,88.6,1472,-12.8,-34.8,,,,,,,,,,,,,,,,
Poteet, Cody,547001,2022,R,94.9,2343,-6.6,-14,79.3,2811,6.9,-39.4,87.7,1984,-15.2,-32.1,78,2796,14.2,-53.1,94,2174,-15.3,-22.3,,,,,,,,
Lorenzen, Michael,547179,2022,R,94.6,2439,-11.9,-15.8,,2482,10.2,-39.6,85.7,2054,-16.2,-27.8,81.3,2653,5.5,-56.4,93.9,2252,-17,-22.7,90.4,2496,0,-24.6,,,,
Ryu, Hyun Jin,547943,2022,L,89.3,1959,12.6,-21.3,88.8,,,,79.6,1510,14.1,-36.5,71.9,2530,-12.8,-67.8,,,,,86,1959,2.1,-26.7,,,,
Chapman, Aroldis,547973,2022,L,97.5,2362,4.5,-11,80,2282,-10.7,-33.1,,,,,,,,,100.2,2431,12.6,-11.6,,,,,88.1,835,2.1,-36.1
Raley, Brooks,548384,2022,L,90.5,2334,9.6,-22.9,84.8,2940,-18.5,-40.5,85.5,1901,16.9,-36.4,80,2991,-15.5,-50.6,90.7,2312,16.4,-29.4,88,2551,-3.5,-27.9,,,,
Stripling, Ross,548389,2022,R,91.9,2124,-5.2,-13.7,80.2,2301,4.5,-29.6,82.6,1680,-10.9,-29.7,76.1,2377,7.2,-59,89.9,2004,-12.1,-19.4,,,,,,,,
Garcia, Yimi,554340,2022,R,94.9,2456,-9.5,-16.7,78.8,2456,2.6,-26.7,87.2,1877,-18.3,-32.4,82.4,2695,11.4,-42.8,93.8,2248,-17.7,-25.2,,,,,,,,
Wheeler, Zack,554430,2022,R,95.9,2390,-9.2,-13.6,82.6,2459,2.3,-26.8,89.5,1557,-14.5,-24.8,81.3,2654,9.2,-51.7,95.4,2225,-16,-18.5,,,,,,,,
Matzek, Tyler,554431,2022,L,94.1,2444,3.8,-13.4,84.3,2808,-6.4,-46.9,,,,,77.7,2641,-10.5,-57.7,,,,,,,,,,,,
Rodriguez, Joely,570257,2022,L,92.8,2019,12,-20.2,85.8,2260,-5.2,-40,87.8,1069,11.3,-35.1,,,,,92.7,1956,17.4,-25.7,,,,,,,,
Urena, Jose,570632,2022,R,96.1,2149,-9.9,-16.9,88.7,2324,1.5,-30.4,90.2,1707,-11.7,-24.7,,,,,95.6,2190,-14.5,-22.4,,,,,,,,
Robles, Hansel,570663,2022,R,96,2306,-14.6,-13.8,82.5,2287,1.6,-29.7,90.2,1607,-14,-22.8,,,,,95.9,2316,-20.4,-12.2,,,,,,,,
Cessa, Luis,570666,2022,R,93.3,2297,-7.4,-16.8,85.7,2528,5.7,-44.2,87.8,1679,-11.5,-29.6,,,,,93.6,2191,-14.8,-20.8,,,,,,,,
Bellatti, Andrew,571479,2022,R,94.4,2436,-10.5,-14.2,83.4,2398,3.6,-33.3,89.5,1697,-16.3,-27.2,,,,,,,,,,,,,,,,
Corbin, Patrick,571578,2022,L,92.1,2120,8.1,-17.6,,2184,-2.9,-39.6,82.5,1631,12.7,-30.4,74.2,1944,-2.5,-51.4,92.9,2069,14.3,-20,,,,,,,,
Farmer, Buck,571656,2022,R,94.6,2325,-10.1,-15.3,85.7,2688,7.5,-37.4,88.7,1678,-14,-34.4,,,,,,,,,,,,,,,,
Floro, Dylan,571670,2022,R,92.4,2177,-10.4,-17.6,81.4,1891,2,-34.9,85.2,1819,-17,-35.7,,,,,92.6,2128,-17.3,-23.2,,,,,,,,
Givens, Mychal,571710,2022,R,93.4,2426,-6.9,-19.2,87.1,2575,6.1,-35.5,82.1,2067,-9.1,-43.7,,,,,,,,,,,,,,,,
Heaney, Andrew,571760,2022,L,93,2442,14.8,-17.5,89.1,2583,-3.6,-38.2,85,2124,16.7,-31.6,,,,,,,,,,,,,,,,
Hutchison, Drew,571800,2022,R,92.4,2258,-3.7,-15.2,89.4,2582,4.5,-37.2,86.5,1738,-13.3,-26.9,,,,,92.7,2302,-11.2,-17.3,,,,,,,,
Loup, Aaron,571901,2022,L,,,,,90.6,,,,80.3,1946,17.6,-45.1,76,2343,-16.2,-46.7,91.2,2130,18.9,-29.4,84.7,2323,0.3,-35.6,,,,
Matz, Steven,571927,2022,L,,,,,83.2,2160,2.2,-25.9,85.1,2322,15.2,-35.8,78,2371,-14.9,-54.6,94.5,2260,15.4,-18.3,,,,,,,,
Mikolas, Miles,571945,2022,R,93.5,2292,-4.9,-16.3,83.9,2382,3.9,-31.1,82.7,1575,-12,-31,76.2,2555,8.7,-63,93,2232,-13.3,-19.5,,,,,,,,
Milner, Hoby,571948,2022,L,89.2,1974,16.4,-27.6,84,,,,81.3,1783,17.1,-39.8,79.5,1887,-13.4,-45.3,88.9,1989,18.5,-34.8,,,,,,,,
Richards, Garrett,572070,2022,R,94.4,2310,0.5,-21.9,86.8,2605,2.3,-35.9,90,1690,-15.2,-30.1,76.7,2859,10.9,-67.2,95.7,2376,-6.4,-20.7,,,,,,,,
Tepera, Ryan,572193,2022,R,92.6,2224,-7.2,-15.1,88.7,2319,5.8,-34,85.8,1241,-11.1,-32.2,81.6,2321,4.6,-44.1,92.9,2182,-16.2,-19.9,,,,,,,,
VerHagen, Drew,572403,2022,R,94.9,2371,-3,-13.5,82.9,2312,16.4,-44.4,89.5,1686,-9.1,-28.8,78.2,2216,9.9,-60.2,94.7,2371,-13.3,-17.6,91.3,2347,-1.3,-23,,,,
Keuchel, Dallas,572971,2022,L,87.9,2185,3.5,-21.6,85.9,2316,-9.8,-45.3,79.2,1551,14.3,-38.7,,,,,87.2,1940,15.4,-30.1,85.2,2167,-1.3,-30,,,,
Mantiply, Joe,573009,2022,L,91,2208,13.2,-21.6,80.8,,,,82.6,1702,16.5,-40.7,81.1,2336,-6.6,-43.4,90.4,2190,18.3,-29.4,,,,,,,,
Rogers, Taylor,573124,2022,L,93.6,2223,8.5,-22.7,81.7,2693,-14.1,-40.4,,,,,,,,,94.3,2168,17,-23.2,,,,,,,,
Stroman, Marcus,573186,2022,R,92.4,2425,-4.2,-18.8,83.3,2672,13.4,-38.3,,,,,81.3,2531,16.2,-44,92,2266,-9,-29,89.4,2576,2.6,-30.9,87,1713,-12.1,-34.4
Thielbar, Caleb,573204,2022,L,92.8,2298,3.2,-12.3,84.1,2368,-14.3,-39.8,82.7,1101,3.8,-28.3,73,2455,-10.5,-68.3,,,,,,,,,,,,
Kikuchi, Yusei,579328,2022,L,94.9,2270,11.5,-13.6,84.7,2353,-3.1,-34.5,87,1563,10.5,-28.1,,,,,,,,,91.1,2255,0.3,-21.9,,,,
Adam, Jason,592094,2022,R,94.8,2654,-6.9,-13,83.4,2719,13.1,-43.3,90,2016,-16.4,-31.8,79.6,2706,16.6,-52.2,,,,,,,,,,,,
Gausman, Kevin,592332,2022,R,95,2265,-10.5,-13.1,86,2198,1.1,-35.1,84.5,1490,-8.5,-31.1,,,,,,,,,,,,,85.2,1571,-15.2,-33.1
Gray, Jon,592351,2022,R,95.9,2015,-11.4,-17.2,85.8,2467,10,-32.5,88.7,1455,-14.2,-26,77.8,2597,14.5,-56,,,,,,,,,,,,
Hembree, Heath,592390,2022,R,94.2,2320,-8.7,-13.7,,2645,8.4,-31.8,,,,,79.5,2659,10.1,-52.4,,,,,,,,,,,,
Ray, Robbie,592662,2022,L,93.4,2282,6.7,-13.4,89.6,2190,-1.5,-28.3,86.9,1759,10.5,-23.1,79.7,2106,-2.5,-43.7,93.3,2190,15.4,-18.8,,,,,,,,
Sampson, Adrian,592716,2022,R,92.5,2075,-10.2,-17.3,87.7,2616,10.4,-41.7,85.1,1816,-15.9,-31.6,,,,,91.9,2003,-14.4,-21.3,84.9,2493,3.3,-37.6,,,,
Sanchez, Aaron,592717,2022,R,92.4,2140,-11.2,-18.2,,,,,87.8,1708,-15.8,-29.3,79.1,2632,12.8,-54.6,92.1,2131,-16.4,-22.5,,,,,,,,
Shreve, Chasen,592741,2022,L,90.6,2338,10.7,-15.6,88.6,2272,-5.9,-47,,,,,,,,,,,,,,,,,82.9,989,11.3,-35.8
Smith, Caleb,592761,2022,L,91.9,2429,10.9,-13.9,79.3,2332,-3.1,-29.2,83.6,2130,13.7,-24.2,78.9,2410,-5.3,-48.6,,,,,,,,,,,,
Smyly, Drew,592767,2022,L,,,,,85.2,,,,82.6,1300,6,-29.2,78.7,2119,2.6,-44.2,92.6,2158,8,-14.8,88.6,2103,3.6,-23.6,,,,
Stanek, Ryne,592773,2022,R,98.3,2307,-10.2,-10.8,81.4,2513,2.3,-38,,,,,,,,,,,,,,,,,88.6,1040,-12.3,-31
Syndergaard, Noah,592789,2022,R,94.1,2136,-5.8,-16.7,86.2,2153,5.8,-36.7,88.5,1543,-15.1,-26.8,76.4,2131,11.3,-47.8,93.6,2125,-14.1,-20.8,,,,,,,,
Taillon, Jameson,592791,2022,R,94.1,2370,-5.7,-13.2,,2556,6.2,-32.6,87.7,1845,-14,-24.7,81.1,2734,9.2,-51.9,94.2,2298,-13.6,-16.2,90.7,2533,2.9,-20.7,,,,
Velasquez, Vince,592826,2022,R,93.2,2417,-5.1,-13.1,77,2502,6.5,-33.8,88.1,1541,-12.2,-28.4,81.5,2361,4.4,-50.6,91.9,2259,-12.3,-18.5,,,,,,,,
Walker, Taijuan,592836,2022,R,93.7,2149,-10.1,-14,,2403,5.3,-32.6,,,,,75,2226,7,-60.5,92.9,2023,-15.2,-18.9,88.6,2329,1.5,-23,88.8,1447,-10.8,-32.6
Wick, Rowan,592858,2022,R,94.9,2255,-2.8,-12.7,80.9,2149,11.8,-37.5,82.9,723,-12.6,-37.4,76.8,2604,7.5,-65.6,91.7,1777,-12.9,-20.1,93.1,2240,2.5,-16.9,,,,
Williams, Trevor,592866,2022,R,91.2,2242,-6.9,-19.9,84.7,2248,5.6,-37.1,84.4,1797,-13.9,-33.6,78.6,2256,11,-42,89,1918,-15.6,-30.9,,,,,,,,
German, Domingo,593334,2022,R,92.7,2539,-11,-15.7,81.3,,,,85.9,2368,-17.9,-28.5,81,2617,1.3,-45,92.7,2476,-17.5,-22.8,,,,,,,,
Montas, Frankie,593423,2022,R,96.1,2356,-6.3,-12.8,86.5,2410,6.2,-32.9,,,,,,,,,95.6,2243,-15.5,-18.4,89.5,2397,4,-27.8,86.4,1467,-12.1,-33.4
Neris, Hector,593576,2022,R,94.3,2448,-10.4,-13.9,81.3,1975,1.7,-29.9,,,,,,,,,94.5,2351,-16.9,-18.5,,,,,85.1,1136,-10.7,-38.7
Rodriguez, Eduardo,593958,2022,L,91.7,2173,6.9,-18,84.4,2172,-3,-38.6,85.5,1873,16.5,-30.7,,,,,91.7,2148,13.9,-22.2,88.7,2192,-1.1,-24.9,,,,
Peralta, Wandy,593974,2022,L,95.4,2218,13.5,-16,84.3,2241,-1.9,-31.3,88.6,2184,17.3,-30,,,,,95.4,2186,17,-20.4,,,,,,,,
Gustave, Jandel,594311,2022,R,96.1,2489,-9.9,-15.9,84.9,2379,7.7,-36.9,,,,,,,,,95.9,2379,-16.1,-22.9,,,,,,,,
Mayers, Mike,594577,2022,R,93.5,2295,-11,-15,84.2,2145,4.1,-38.6,86.7,1574,-15.7,-30.1,77.2,2404,9.6,-56.7,92,2054,-15.9,-23.9,88.3,2288,1.8,-27.5,,,,
Moll, Sam,594580,2022,L,,,,,77.2,3182,-17.3,-43.9,,,,,,,,,93.3,2523,13.2,-27.9,,,,,,,,
deGrom, Jacob,594798,2022,R,98.9,2516,-9.5,-11.3,87.2,2580,3.6,-26.4,92,1613,-13.2,-26.1,83.4,2691,7.3,-41.6,,,,,,,,,,,,
Gonzales, Marco,594835,2022,L,88.4,1986,12.2,-20.3,83.1,,,,79.4,2114,17.3,-36.7,76.6,2114,-6.3,-59.8,,,,,86.1,2030,2.3,-25.2,,,,
Okert, Steven,595345,2022,L,93.7,2235,10,-16.5,,2486,-10.2,-35.9,,,,,,,,,,,,,,,,,,,,
Beede, Tyler,595881,2022,R,95.8,2081,-11,-16.8,80.9,2068,1.5,-32.7,84.8,1617,-15.6,-34.3,79.1,2060,8.7,-56.4,95.6,2127,-15.7,-20.8,,,,,,,,
Junis, Jakob,596001,2022,R,90.8,2210,-4.5,-20.4,85.4,2475,13.3,-38.9,84.7,1395,-9.8,-33.3,,,,,91.9,2189,-12.9,-24.1,85.6,2427,6.1,-32.4,,,,
Norris, Daniel,596057,2022,L,91.2,2351,7.4,-15.5,,2629,-13.4,-42.6,86.7,1426,13.1,-37.3,76.1,2402,-6.7,-61.2,90.9,2252,15.7,-22.7,,,,,,,,
Peters, Dillon,596071,2022,L,92.9,2305,4.8,-15.1,87.1,2377,-3.8,-38.8,84.8,1543,12.6,-28.1,77.3,2906,-11.7,-56.6,92.5,2190,13.4,-19.3,,,,,,,,
Stephenson, Robert,596112,2022,R,96.8,2389,-11.4,-14,84.8,2914,5.2,-41.3,,,,,77.5,2936,11.5,-56.3,,,,,,,,,88.1,1521,-11.2,-27.4
Weaver, Luke,596133,2022,R,94.9,2372,-8.8,-14.1,86.2,2291,4.8,-41,86.9,1664,-14.6,-30.7,80.1,2264,5.7,-51.3,94.7,2332,-15.6,-15.1,88.1,2327,0.5,-26.8,,,,
Gomber, Austin,596295,2022,L,91,2156,6.3,-15.6,83.4,2391,-5,-34.7,82,1644,9.8,-29.8,75.8,2497,-7,-61.6,,,,,,,,,,,,
Barnes, Matt,598264,2022,R,95,2249,-10.9,-13.7,84.7,,,,87.2,2061,-18.1,-27.8,84.1,2049,3.7,-48.9,,,,,,,,,,,,
Ramirez, Noe,598287,2022,R,89.7,2187,-10.4,-22.6,84.8,,,,84.1,2023,-14.3,-43.4,78,2524,9.8,-46.2,,,,,,,,,,,,
Leclerc, Jose,600917,2022,R,96.5,2639,-4,-11.4,86.6,2583,9.5,-37.8,89.7,2153,-13.5,-23.1,,,,,,,,,89.2,2781,5.1,-30.8,,,,
Machado, Andres,600921,2022,R,95.6,2113,-7,-13.6,82.2,2010,5.1,-32.6,88.9,1519,-11.6,-29.4,,,,,95,2039,-15.4,-18.7,,,,,,,,
Pivetta, Nick,601713,2022,R,93.4,2310,-5.1,-10.9,83.2,2319,5.8,-33.6,87.1,1170,-8.3,-27.5,77.2,2710,7.9,-65.3,,,,,,,,,,,,
Barlow, Scott,605130,2022,R,93.6,2394,-3.8,-19.1,,2473,8.1,-39.4,,,,,78.6,2513,16.2,-53.4,92.6,2129,-13.7,-25.6,,,,,,,,
Bassitt, Chris,605135,2022,R,93.2,2191,-5.6,-17.8,87.2,2331,12.8,-43.6,85.4,1824,-16.2,-30.9,71.6,2330,14.9,-68,92.8,2117,-16.1,-22.5,89.1,2262,2.5,-25.6,,,,
Brebbia, John,605154,2022,R,94.4,2309,-10.1,-13.4,87.6,2548,5.9,-35.4,,,,,,,,,,,,,,,,,,,,
Bundy, Dylan,605164,2022,R,89,2352,-4.5,-15.3,88,2404,5.3,-44.4,81.1,1361,-12.2,-35.3,72.2,2148,8.2,-63.4,89.7,2194,-12.1,-17,,,,,,,,
Chafin, Andrew,605177,2022,L,91.6,2138,9.6,-17.3,82.7,2485,-0.2,-40.7,84.7,1759,13,-25.3,,,,,91.6,2106,15,-20.6,,,,,,,,
Clevinger, Mike,605182,2022,R,93.6,2300,-8.7,-14.2,87.6,2447,15.6,-44.6,86.3,1554,-14.4,-26.6,76.8,2231,6.5,-57.4,93.2,2242,-14,-16.6,86.6,2472,4.3,-31.3,,,,
Cotton, Jharel,605194,2022,R,92.7,2263,-8.3,-13,86.2,2440,12.7,-46.3,79.7,2392,-13.5,-36.8,76.2,2614,3.5,-62.8,,,,,,,,,,,,
Davies, Zach,605200,2022,R,,,,,84.4,2504,15.9,-52.4,79.7,1672,-14,-34.6,74.7,2583,10.7,-62.3,89.6,2084,-14.8,-21.7,87.6,2148,-4.8,-22.4,,,,
Edwards Jr., Carl,605218,2022,R,94.6,2522,1.7,-14.2,81.7,,,,90.6,1654,-12.3,-23.4,80.2,2120,7.9,-52.7,,,,,,,,,,,,
Fulmer, Michael,605242,2022,R,94.2,2301,-4,-15,92.6,2415,4.2,-26.7,86.5,1503,-13.3,-32.5,78.9,2409,12.9,-56.6,94.5,2188,-15,-20.2,,,,,,,,
Holmes, Clay,605280,2022,R,98,2266,-8.6,-17,,2561,11.1,-39.2,,,,,,,,,97,2208,-16.9,-23.9,,,,,,,,
Houser, Adrian,605288,2022,R,94.3,2214,-9.4,-15.5,82,2265,6.1,-36.5,85.4,1548,-15,-30.7,81.1,1984,6.7,-55.6,93.8,2077,-16.2,-22.6,,,,,,,,
Lopez, Jorge,605347,2022,R,97.3,2068,-10.3,-13.7,88,2369,7.7,-34.5,90,1699,-15.8,-30.8,84.1,2449,9.2,-50.8,97.7,1990,-17.2,-20.6,,,,,,,,
Musgrove, Joe,605397,2022,R,92.9,2559,-4.1,-18.3,83.1,2715,12.8,-41.8,86.5,1974,-11.4,-32.7,81.3,2722,9.6,-55.5,92.4,2436,-12.4,-22.9,90.1,2581,1.6,-24.5,,,,
Nola, Aaron,605400,2022,R,92.8,2308,-13.1,-16.6,79.9,,,,85.9,1482,-15.2,-33.8,78.6,2589,14.4,-55.7,92.2,2198,-17,-22.6,86.8,2212,0.9,-29.1,,,,
Romano, Jordan,605447,2022,R,96.9,2289,-5.3,-11.2,84.7,2082,4.2,-36.9,,,,,,,,,96.5,2357,-12.2,-10.5,,,,,,,,
Snell, Blake,605483,2022,L,95.8,2434,5.2,-11.2,81.8,2389,-4.1,-29.9,87.1,1899,13.7,-26.1,81.4,2297,-12.2,-51,,,,,,,,,,,,
Springs, Jeffrey,605488,2022,L,91.4,2254,11.4,-15.3,83.9,2188,-4.5,-32.4,81.1,1415,13.7,-34.1,,,,,90.1,2316,18.5,-20,,,,,,,,
Thompson, Zach,605507,2022,R,92.3,2386,-2,-18.1,84.6,,,,85.7,1864,-12.1,-31.6,76.6,2244,5,-56.5,92.2,2230,-9.7,-24.1,86.8,2580,3.4,-32.1,,,,
Warren, Art,605521,2022,R,93.5,2250,-5.7,-15.5,81.3,2513,8.2,-36.4,,,,,,,,,,,,,,,,,,,,
Wendelken, J.B.,605525,2022,R,95,2442,-3.2,-16,84.3,2660,6.8,-38.8,85.5,1628,-15.4,-32.6,80.4,2576,12.1,-58.1,94.4,2256,-16.3,-21.8,,,,,,,,
Wisler, Matt,605538,2022,R,89.7,1953,-10.1,-17.1,,2477,8.1,-43.7,,,,,,,,,,,,,,,,,,,,
Woodruff, Brandon,605540,2022,R,96.3,2350,-6,-12.1,,2408,3.8,-32,86.1,2008,-15.8,-28,84,2497,2.5,-46,95.8,2286,-14,-15.9,,,,,,,,
Gallegos, Giovanny,606149,2022,R,94.3,2386,-7.5,-12.3,83.3,2475,0.3,-36.5,87.1,1910,-9.7,-19.7,,,,,,,,,,,,,,,,
Montero, Rafael,606160,2022,R,96.4,2335,-9.3,-13.8,87.1,2345,6,-32.6,91.1,2056,-16.9,-27.5,,,,,95.9,2233,-16.2,-21.4,,,,,,,,
Payamps, Joel,606303,2022,R,94.8,2422,-9,-14.7,85.8,2718,10.3,-44.4,88.9,1993,-16.6,-30.8,,,,,94.3,2267,-15.7,-21.8,,,,,,,,
Garcia, Jarlin,606424,2022,L,93.8,2201,14.8,-18.1,84.1,2251,-5.9,-39.1,85.2,2112,16.2,-27.8,,,,,,,,,,,,,,,,
Moronta, Reyes,606625,2022,R,95.3,2351,-6.1,-13.6,78.9,2491,12.8,-39.1,89,1943,-17,-29,,,,,,,,,,,,,,,,
Rodon, Carlos,607074,2022,L,95.5,2349,6,-12,,2447,-8.1,-38.6,84.6,1757,13.7,-27.4,79.8,2454,-6.4,-55.5,,,,,,,,,,,,
Weems, Jordan,607179,2022,R,96.8,2134,-6.8,-11.1,84,2234,6,-32.7,87.3,992,-10,-29.5,80.1,2185,16.2,-44.9,,,,,,,,,,,,
Fedde, Erick,607200,2022,R,,,,,79.1,,,,86,1516,-14.6,-34.7,78.4,2389,14.7,-46.9,92.5,1877,-8.8,-22.1,89.2,2123,1.8,-26.7,,,,
Krehbiel, Joey,607216,2022,R,94.4,2175,-9.9,-15,82.9,2478,13.1,-44.7,84.3,1495,-14.1,-36.2,,,,,,,,,86.3,2465,6.6,-31.6,,,,
Garrett, Amir,607237,2022,L,94.2,2227,11.2,-16.6,79.9,1848,-1.5,-32.8,,,,,,,,,93.4,2150,16.7,-22,,,,,,,,
Martinez, Nick,607259,2022,R,93.4,2336,-7.2,-14.3,79.5,,,,79.7,1718,-13.4,-38.2,81.7,2605,2.4,-58.4,93.3,2347,-14.9,-17.5,88.6,2380,1.7,-26.9,,,,
Banda, Anthony,607455,2022,L,95.2,2126,10.9,-15,79.7,1972,0.5,-36.7,86.6,1748,14.6,-31.6,81.1,1998,-7,-48.8,93,2047,17.6,-22.8,,,,,,,,
Bummer, Aaron,607481,2022,L,,,,,76,2488,-17.9,-46,89,1883,18.2,-35.4,,,,,94.5,2062,14.1,-28.9,86.2,2388,-4.5,-37.1,,,,
Freeland, Kyle,607536,2022,L,90.3,2389,5.9,-20,,2376,-1.4,-32.7,84.8,1485,10.9,-30.6,80.9,2446,-4.3,-48.5,89.6,2358,13,-27.5,,,,,,,,
Lugo, Seth,607625,2022,R,94.4,2243,-8.3,-13.4,90.3,2441,2.7,-27.7,87.6,1774,-15.1,-25.9,79.8,3253,10.7,-60.8,94.4,2317,-15.6,-18.3,,,,,,,,
Estevez, Carlos,608032,2022,R,97.5,2241,-10,-14.1,86,2280,5.1,-35.1,88.4,1660,-10.6,-28.4,,,,,,,,,,,,,,,,
De Jong, Chase,608328,2022,R,92.8,2412,-1.2,-13.2,85,2428,4.4,-40.6,86.4,1646,-12.6,-26.2,77.7,2557,6.3,-59.4,93.4,2416,-8.6,-11,,,,,,,,
Fried, Max,608331,2022,L,94,2137,1.7,-18.5,87.4,2393,-3.8,-34.9,86.5,1411,12.9,-32.4,74.3,2747,-9.5,-66.8,93.6,2036,11,-21.6,,,,,,,,
Giolito, Lucas,608337,2022,R,92.6,2172,-5.4,-13.9,82.9,1959,3.5,-37.2,81,1448,-11.3,-30.5,79.2,2348,7.2,-56.3,,,,,,,,,,,,
Irvin, Cole,608344,2022,L,90.7,1975,9.8,-17.1,,1960,9.7,-19.3,83,1554,13.3,-32.5,77.5,2074,-8.2,-49.6,90.3,1943,14.3,-21.5,87.1,2012,1.3,-28,,,,
Knebel, Corey,608349,2022,R,95.6,2369,-3.8,-12.5,87.3,2543,18.5,-49.3,,,,,78.7,2832,10.3,-62.5,,,,,,,,,,,,
Wacha, Michael,608379,2022,R,93,2122,-6.7,-12.4,83.9,,,,84.3,1583,-12.5,-26.2,74.7,2173,10.3,-58.8,92.6,2052,-11.7,-15.3,88.8,2052,1.2,-23.4,,,,
Marquez, German,608566,2022,R,95.6,2138,-8.9,-16.6,88.9,2389,0.3,-31.1,87.8,1595,-10.2,-27.7,86.5,2577,1.1,-38.3,95.1,2111,-14.3,-21,,,,,,,,
Duffey, Tyler,608648,2022,R,92.3,2276,-4.4,-16.4,85.4,,,,79.1,1863,-12.3,-33.5,82.7,2463,8.2,-49,92.4,2402,-14.2,-24.5,,,,,,,,
Graveman, Kendall,608665,2022,R,96.6,2373,-9,-13.9,,2495,5.2,-32.2,90.7,1764,-14,-28.2,83.3,2494,6.9,-44.3,96.5,2228,-15.5,-18.9,,,,,,,,
Leone, Dominic,608678,2022,R,95.5,2323,-6.1,-14.4,85.5,2453,5.1,-40.5,,,,,,,,,94.8,2269,-12.7,-20.4,91.4,2404,3.5,-24.8,,,,
Stratton, Chris,608717,2022,R,92.8,2631,-3.6,-16.9,85.9,2868,6.6,-35.1,86.8,2228,-11.6,-32.4,80.8,3188,16.1,-50.2,92.9,2512,-12.1,-21.2,,,,,,,,
Suter, Brent,608718,2022,L,86.4,2147,-3.8,-23.7,79.8,,,,77.2,1477,10,-34.8,78.8,2305,-6.3,-44.8,87.4,2085,10.3,-23.3,,,,,,,,
Voth, Austin,608723,2022,R,93.5,2357,-7.2,-13.9,88,2743,12.4,-32.2,87.2,1925,-11.9,-24.4,77.5,2974,16,-57.2,,,,,89.5,2442,2.5,-26.6,,,,
Castro, Miguel,612434,2022,R,,,,,85.2,2821,10.4,-35.1,92.4,1821,-17.5,-31.4,,,,,97.9,2128,-17.4,-23.3,,,,,,,,
Ruiz, Jose,614179,2022,R,96.9,2354,-7.1,-12,85.5,,,,89.9,1795,-15.4,-25.8,86.3,2283,2,-42,96,2303,-14.2,-19.8,,,,,,,,
Quantrill, Cal,615698,2022,R,93.4,2165,-6.8,-13.7,87.9,,,,85.3,1532,-12.3,-30,82.7,2449,3.7,-42.9,93.6,2105,-12,-16.3,88.5,2238,2.7,-27.8,,,,
Sawamura, Hirokazu,617228,2022,R,95.9,2112,-8.8,-14,82.2,2298,7,-32.3,,,,,,,,,,,,,,,,,92,1418,-8.6,-29
Cuas, Jose,621016,2022,R,,,,,82.7,2669,4,-41.3,87.2,1669,-14.3,-37.4,,,,,93.1,2460,-16.9,-31.2,,,,,,,,
Wilson, Steven,621051,2022,R,95.1,2366,-8,-12.1,82.1,2673,11.1,-38.8,85.1,2122,-16.2,-28.7,,,,,,,,,,,,,,,,
Rucker, Michael,621074,2022,R,94.7,2270,-7.5,-14.5,84.3,2459,3.8,-37.2,90,1787,-14.6,-29.5,80.6,2523,15.6,-52,,,,,88.8,2250,0.4,-13,,,,
Kaprielian, James,621076,2022,R,94,2006,-7.6,-15.5,81.8,2286,4.5,-34.3,85.2,1365,-8.4,-35.5,79.3,2496,7.3,-51.9,94.4,1925,-15.8,-20.3,,,,,,,,
Eflin, Zach,621107,2022,R,93.1,2176,-10.4,-17.6,85.4,2133,3.9,-32.3,87,1699,-13.8,-27.8,78.3,2381,12,-49.9,92.7,2048,-17,-24.6,90,2150,-0.8,-22.2,,,,
Buehler, Walker,621111,2022,R,95.2,2267,-5.9,-13.3,88.2,2671,13.9,-37.2,90.5,1550,-13.7,-28.3,79.2,2662,11.5,-57.7,94.9,2167,-13.3,-18.4,91.5,2411,4.5,-23.4,,,,
Blackburn, Paul,621112,2022,R,91.5,2135,-5.5,-16.2,,2567,15.4,-52.6,86,1811,-13.1,-29.5,78.8,2605,8.4,-61.1,91.7,2001,-12.8,-22.5,87.1,2484,6.1,-30.9,,,,
McCullers Jr., Lance,621121,2022,R,,,,,79.8,2858,13.2,-33.5,87,1717,-17.3,-38,82.7,3013,13.6,-50.6,93.1,2106,-13.4,-26.1,88.3,2567,3.8,-29.8,,,,
Alvarado, Jose,621237,2022,L,97.8,2149,5.6,-12.7,89.6,,,,,,,,86.5,2465,0.7,-43.2,99.6,2093,12.7,-13.2,93.8,2207,-1.9,-25.5,,,,
Diaz, Edwin,621242,2022,R,99.1,2352,-13.5,-14.5,84.7,2274,1.5,-28.8,,,,,,,,,,,,,,,,,,,,
Berrios, Jose,621244,2022,R,94,2241,-10.6,-16.6,,,,,84.6,1522,-14.4,-33.9,82.9,2285,15.8,-44.3,93.9,2115,-16.6,-20.8,,,,,,,,
Garza Jr., Ralph,621248,2022,R,91.2,2248,-7.7,-16.1,84.7,2367,13.8,-37.5,83.1,1705,-16.4,-33.4,80,2495,6.7,-48.9,87.8,2163,-16.2,-36.5,89.4,2247,-1.1,-19.3,,,,
Underwood Jr., Duane,621249,2022,R,95.9,2254,-7.2,-14.9,82,,,,89.6,1503,-14.8,-27.8,82.7,2403,7.4,-51.2,95.3,2091,-14.1,-19,92.4,2095,0.3,-25.2,,,,
Wittgren, Nick,621295,2022,R,91.4,2037,-8.5,-17.4,85.5,2324,12.2,-38.2,84,1727,-12.5,-36.9,,,,,91,2061,-16.2,-23.3,88.1,2241,1.2,-26.4,,,,
Minter, A.J.,621345,2022,L,96.6,2425,6.5,-12,88.9,,,,87.6,1650,16.2,-32.3,,,,,,,,,90.3,2603,-5.1,-29,,,,
Poche, Colin,621363,2022,L,93.2,2230,0.9,-10.6,87.3,2464,-8.8,-36.3,,,,,78.8,2562,-17.7,-48.8,,,,,,,,,,,,
Borucki, Ryan,621366,2022,L,,,,,83.6,2357,-2,-31.7,84.6,1709,15.6,-28.9,,,,,95.1,2190,18.2,-23.4,,,,,,,,
Hearn, Taylor,621368,2022,L,94.8,2321,7.7,-13.8,87.3,2125,-3.2,-38.7,87.6,1776,10.5,-26,,,,,93.8,2204,14.5,-18.7,88.7,2261,0.4,-26.4,,,,
Strahm, Matt,621381,2022,L,94.2,2298,13.5,-15.1,84.4,2391,-2.4,-27.9,88.2,2157,18.4,-27.8,82.7,2668,-6.2,-40.6,94,2265,17.5,-19.6,,,,,,,,
Banks, Tanner,621383,2022,L,92.9,2270,1.9,-15.5,86.7,2319,-4.6,-31.3,84.9,1778,10.6,-31.7,82.1,2299,-12.9,-36.1,,,,,,,,,,,,
Blach, Ty,621389,2022,L,,,,,79.6,,,,80.7,1898,15.7,-39.7,79.2,2387,-4.5,-49.9,91.1,2185,14.2,-24.1,85,2357,0.1,-33,,,,
Young, Alex,622065,2022,L,91.6,2283,11,-19.6,,,,,86.2,1486,11.6,-34.9,82.5,2296,-4.6,-39.4,90.7,2331,15.5,-26.5,84.4,2316,1.2,-32.7,,,,
Wood, Alex,622072,2022,L,,,,,87.7,2067,-3.1,-41.1,85.7,1668,14.1,-37,,,,,92.4,2041,15.6,-21.6,,,,,,,,
Almonte, Yency,622075,2022,R,95.9,2163,-10.6,-16.2,87.3,2464,11.5,-34.1,89.6,1834,-16.8,-29.5,,,,,95.8,2132,-17.2,-22.3,,,,,,,,
Smith, Drew,622098,2022,R,95.7,2503,-7,-11.4,,2812,7.8,-38,85.2,1964,-14.2,-24.6,77.7,2809,15.3,-56.2,95.6,2505,-15.8,-16.6,,,,,,,,
Sborz, Josh,622250,2022,R,97,2337,-6.2,-10.5,82.5,2089,0,-35,,,,,85.4,2270,12,-49.5,,,,,,,,,,,,
Staumont, Josh,622251,2022,R,96.1,2258,-2.7,-11.6,88.7,,,,,,,,82.2,2690,9.2,-52.4,97.1,2193,-9,-12.2,,,,,,,,
Tate, Dillon,622253,2022,R,93,1901,-13,-26.8,85.1,2437,10,-38,83.9,1649,-16.9,-34.7,,,,,94,1970,-17.2,-25.2,,,,,,,,
Castillo, Luis,622491,2022,R,97.1,2354,-11.4,-15.4,85.1,2422,1.1,-36,88.4,1937,-17.3,-32.3,,,,,96.9,2163,-17.8,-23.3,,,,,,,,
Crismatt, Nabil,622503,2022,R,90.5,2154,-7.4,-19.3,86.7,2102,2.3,-32.9,82.7,1696,-13.1,-38.8,73.2,2227,13.4,-65.2,90,2105,-15.8,-25.5,,,,,,,,
Dominguez, Seranthony,622554,2022,R,97.6,2357,-3.1,-14.8,,2441,5.1,-30.7,92,1783,-15.8,-26.3,,,,,98.2,2312,-15.3,-18.9,92.9,2473,-3.3,-22.6,,,,
Senzatela, Antonio,622608,2022,R,94.2,2132,-3.3,-19.6,83.6,2101,4.9,-34.3,87,2083,-8,-27.8,78.2,2206,5.9,-50.8,92.8,2097,-11.7,-20.2,,,,,,,,
Severino, Luis,622663,2022,R,96.3,2257,-7.6,-12.2,85.8,2678,10.3,-40.8,88.8,1558,-13.6,-25.4,,,,,96,2211,-13.7,-14.2,90.4,2421,4.8,-28.8,,,,
Hernandez, Elieser,622694,2022,R,91.6,2094,-6.4,-15.1,,2103,8.2,-30.5,84.6,1922,-16.5,-29.4,,,,,92,2077,-13.6,-18.6,,,,,,,,
Sewald, Paul,623149,2022,R,92.5,2494,-11.9,-18.4,,2422,12,-31.4,,,,,,,,,,,,,,,,,,,,
Flexen, Chris,623167,2022,R,91.7,2132,-2.3,-13.7,85.8,2539,8.4,-43.5,81.1,1309,-12.6,-32.9,74.6,2651,8.4,-64.6,,,,,87.4,2355,6.6,-28.4,,,,
Brazoban, Huascar,623211,2022,R,97.3,2231,-10.3,-14.2,82.1,,,,89,1845,-15.8,-31,,,,,96.7,2277,-17,-20.2,87.7,2360,-0.8,-29,,,,
Hader, Josh,623352,2022,L,,,,,82.2,2460,-4.1,-38.3,88.6,1599,13.4,-27.9,,,,,97.4,2008,8.5,-11.3,,,,,,,,
Stephens, Jackson,623451,2022,R,94.1,2062,-6.1,-16.2,86.4,2457,4.8,-35.6,85.9,1505,-8.2,-35.2,76.8,2974,16,-57.8,94,1903,-15.2,-21.7,,,,,,,,
Phillips, Evan,623465,2022,R,96,2316,-5.3,-15.6,85,2535,15.3,-36.2,,,,,,,,,96.2,2069,-15.1,-21.1,93.3,2401,1.1,-22,,,,
Herget, Jimmy,623474,2022,R,92.1,2236,-14.9,-23.4,83.9,2608,3.3,-35.2,84.3,1514,-8.4,-41.5,74.8,2732,16.9,-46.1,90.4,2250,-18,-33.6,,,,,,,,
Suarez, Ranger,624133,2022,L,93.2,1894,6.6,-20.1,85.6,2113,-6.6,-38.6,84.9,1518,14.8,-32.2,76.5,2229,-9.8,-55.6,92.5,1907,16,-25.7,89.7,2010,0,-26.3,,,,
Thompson, Keegan,624522,2022,R,93.5,2370,-4.4,-14,83.5,2735,12.1,-37.3,86.1,2097,-14.5,-26.5,81.3,2576,8.2,-55.1,92.8,2330,-12.5,-18.9,89.8,2552,5.2,-25.6,,,,
Lopez, Reynaldo,625643,2022,R,97.1,2249,-7.2,-12.1,79.1,2263,6.4,-30.8,85.9,1590,-11.7,-27.3,80.4,2513,9.4,-50.4,,,,,,,,,,,,
Iglesias, Raisel,628452,2022,R,95,2319,-9.8,-14.4,85.1,2561,8.4,-32.7,88.7,1885,-16.8,-31.2,,,,,94.8,2320,-16.9,-21,,,,,,,,
Marte, Yunior,628708,2022,R,97.8,2412,-12.2,-14.5,76.1,2601,4.3,-35.9,90.9,2462,-6.1,-21.9,,,,,96.9,2327,-17.7,-21.4,,,,,,,,
Urias, Julio,628711,2022,L,93.1,2521,2.8,-14.8,,,,,86.2,1950,13.9,-30,80.9,2914,-16.3,-42.7,93.9,2532,8.7,-15.6,,,,,,,,
Crowe, Wil,640444,2022,R,95.1,2478,-2.5,-13.6,90.8,2779,6,-35.3,85.9,1740,-10.2,-33,81.6,2463,6.4,-56.3,94.4,2269,-12.1,-17.8,,,,,,,,
Finnegan, Kyle,640448,2022,R,,,,,,2145,2.9,-26.7,,,,,,,,,97,2069,-11.6,-13.8,,,,,88.6,1095,-9.2,-31.4
Harvey, Hunter,640451,2022,R,98.3,2029,-9.1,-11,77.5,2340,3,-36.6,,,,,82.8,1997,8.1,-52,96.7,2050,-13.4,-13.3,,,,,89.4,1002,-10.9,-30.8
Manaea, Sean,640455,2022,L,,,,,,2029,-4.2,-39.1,84.9,1439,13,-31.2,77.1,2019,-12,-46.9,91.2,2005,13.2,-20.7,,,,,,,,
Puk, A.J.,640462,2022,L,96.7,2285,12.6,-17.4,82,2230,-3.3,-35.2,89,1336,16.5,-36.3,,,,,96.1,2164,17.8,-24,,,,,,,,
Lopez, Pablo,641154,2022,R,93.5,2197,-4.5,-18,,,,,87.5,1965,-17.3,-32.4,80.9,2495,11,-51.7,93.4,1999,-14.8,-25.3,88.7,2228,2.3,-28.8,,,,
Alexander, Tyler,641302,2022,L,90.1,2275,7.7,-15.9,82.1,2339,-13.4,-45,82.8,1524,13.7,-31.5,,,,,90.1,2129,14.8,-21,85.5,2349,-3.8,-27.8,,,,
Baker, Bryan,641329,2022,R,96.2,2335,-2.4,-11.8,87.7,,,,84,1913,-14.3,-28,,,,,,,,,87.3,2411,7.4,-33.1,,,,
Bickford, Phil,641360,2022,R,94.1,2361,-4.8,-15.2,84.9,2293,6.5,-37.6,,,,,,,,,,,,,,,,,,,,
Brogdon, Connor,641401,2022,R,95.1,2294,-10.8,-13.9,88.6,,,,83.8,2060,-17.1,-32.1,,,,,,,,,88.3,2376,3.2,-23.2,,,,
Castano, Daniel,641447,2022,L,92,2241,5.3,-19.5,86.7,2437,-7.4,-42,84,1766,12.6,-29.7,,,,,89.4,2166,10.7,-27.3,86.5,2388,-0.4,-30,,,,
Cortes Jr., Nestor,641482,2022,L,91.8,2270,4.1,-12.8,,2520,-15.2,-42.4,82.9,1330,12.7,-33.9,72.4,2469,-8,-65,90.8,2273,10.9,-17.8,86.9,2370,-4.7,-27.4,,,,
Danish, Tyler,641501,2022,R,91.2,1881,-13.2,-24.9,84.4,2291,0.6,-32.9,84.4,1424,-14.6,-39.5,80.9,2411,11.4,-37.6,90.9,1803,-17.7,-34.7,,,,,,,,
Dunning, Dane,641540,2022,R,86.9,2051,-4.3,-25.8,,2081,7.5,-48.6,84,1860,-17.2,-34.7,,,,,89.5,2004,-15.6,-28.8,87.1,2158,1,-26.6,,,,
Foster, Matt,641582,2022,R,93.7,2243,-5.8,-12.6,84.5,2298,5.5,-32.1,83.9,1824,-11.9,-25.8,79.6,2150,2.4,-53.3,,,,,92.6,2258,3.1,-13.4,,,,
Gott, Trevor,641627,2022,R,95.2,2201,-8.4,-15.1,84,,,,90.2,1429,-14.5,-29.9,82.7,2073,10,-49.9,95.1,2033,-16.5,-21.8,91.5,2258,0.5,-21.1,,,,
Hudson, Dakota,641712,2022,R,91.4,2162,-4.4,-24.2,85.4,2369,0.4,-30.7,86.5,1458,-12.4,-28.8,80.5,2421,7.4,-46.9,91.9,2058,-12.5,-26.3,,,,,,,,
Jefferies, Daulton,641726,2022,R,92.4,2119,-10.8,-17.2,87.7,,,,86.1,1508,-15.1,-32.9,80.2,2368,5.1,-44.7,92.5,2057,-16.6,-19.6,89.6,2160,-2.8,-23.4,,,,
Jimenez, Joe,641729,2022,R,95.7,2461,-10.4,-11.6,,2226,2.7,-36.5,90.7,2200,-16.3,-24.3,,,,,,,,,,,,,,,,
Keller, Brad,641745,2022,R,94.5,2409,2.4,-17.3,80.4,2544,5.7,-38.5,90,1558,-10.1,-25.1,,,,,93.4,2186,-10.4,-23.5,,,,,,,,
Kinley, Tyler,641755,2022,R,95.4,2244,-3.7,-14.8,86.5,2424,1.7,-29.5,88.8,1622,-11.2,-24.2,,,,,92.9,2261,-7.8,-22.2,,,,,,,,
Kuhl, Chad,641771,2022,R,92.9,2218,-9.3,-18,84.7,2541,3,-34.4,87.9,1701,-13.9,-29,79.5,2866,12.3,-54.6,92.8,2129,-14.4,-21.8,,,,,,,,
Lauer, Eric,641778,2022,L,93.3,2290,9.8,-14.6,89.5,2285,-3.1,-32.1,87.2,1745,15,-27.4,78.2,2399,-6.4,-52.7,,,,,89.8,2269,0.6,-23,,,,
Littell, Zack,641793,2022,R,94.5,2132,-6.2,-12.6,86.1,2220,2.5,-29.1,,,,,,,,,,,,,,,,,85.6,880,-7.3,-33.8
Mahle, Tyler,641816,2022,R,93.2,2294,-10.2,-13.5,85.2,2496,5,-36.8,,,,,,,,,,,,,85.5,2397,1.7,-27,85.4,1900,-14.3,-27.4
Mayza, Tim,641835,2022,L,94,2156,6.9,-9.4,80.1,2200,0.5,-30.6,,,,,,,,,93.7,2032,17.1,-22.4,,,,,,,,
Ober, Bailey,641927,2022,R,91.5,2301,-8.5,-15.3,88.2,2175,5.4,-40.1,84.3,1818,-16.4,-30.7,76.7,2241,9.5,-57.2,,,,,,,,,,,,
Pagan, Emilio,641941,2022,R,95.6,2517,-4.9,-11.6,82.8,2477,13.4,-36.2,,,,,80.2,2632,8.3,-56.5,,,,,85.8,2363,4.4,-35.1,88.4,1531,-12.3,-27.2
Rogers, Josh,642028,2022,L,90.4,2100,11.7,-18.3,80.9,2208,-8.2,-40.6,84.7,1509,14.4,-30.9,,,,,89.9,2118,16.9,-24,,,,,,,,
Sulser, Cole,642121,2022,R,91.9,2235,-7.6,-14.5,,2274,6.7,-31.9,83.2,1512,-14.7,-33.9,77.8,2375,15.6,-46.9,,,,,,,,,,,,
Trivino, Lou,642152,2022,R,95.6,1992,-9.2,-16,84,2558,16.8,-40.2,87.4,1690,-16.1,-35.4,76.8,2180,12.7,-53.4,95.8,2024,-16.4,-21,92.3,2277,-2,-25.2,,,,
Williams, Devin,642207,2022,R,93.9,2268,-12.2,-14.5,86.9,,,,83.4,2739,-19,-42.7,,,,,,,,,87,2391,3.9,-27.7,,,,
Yarbrough, Ryan,642232,2022,L,,,,,85.3,,,,78.6,1920,16.9,-39.8,71.3,2168,-15.7,-49.4,86.7,1820,14.2,-25,82.3,2084,-1.9,-34.5,,,,
Soto, Gregory,642397,2022,L,98.7,2370,11.2,-14.5,83.2,2385,-1.4,-28.1,91.8,2154,16.7,-23.8,,,,,98.1,2371,16.7,-18.6,,,,,,,,
Loaisiga, Jonathan,642528,2022,R,98.2,2428,-9.5,-11.7,,,,,89.9,1943,-16.9,-23.3,86.9,2624,9.3,-32.8,98,2317,-16.2,-17.2,,,,,,,,
Barria, Jaime,642545,2022,R,92,2272,-5.8,-15.8,82.5,2191,4,-32,85,1611,-13.8,-27.9,,,,,91.7,2148,-11.4,-17.1,,,,,,,,
Hernandez, Jonathan,642546,2022,R,96.4,2163,-14.1,-24.6,83.9,2520,5.2,-35.2,90.1,2181,-19.4,-28.1,,,,,98,2239,-18.8,-21.2,,,,,,,,
Peralta, Freddy,642547,2022,R,92.6,2352,-8.8,-16,87.4,2126,8,-39,85.9,1694,-14.7,-33.4,75.8,2066,5.6,-51.2,,,,,,,,,,,,
Bautista, Felix,642585,2022,R,99.2,2341,-7.3,-8.2,84.1,2458,5.3,-39.1,,,,,,,,,,,,,,,,,88.4,1110,-7.5,-28.2
Santana, Dennis,642701,2022,R,97.7,2510,-12.8,-13.9,86,2675,1.7,-39.4,89.9,2069,-17.2,-25.7,,,,,96.7,2422,-17.6,-20.5,,,,,,,,
Acevedo, Domingo,642758,2022,R,93,2118,-13.6,-18.4,,2123,-7.2,-29.6,86.8,1867,-18,-33.1,,,,,92.2,2142,-18.3,-20.4,,,,,,,,
Cimber, Adam,643256,2022,R,86.5,2172,-10.9,-31.6,87.6,2473,7.4,-37.5,,,,,,,,,86.5,2140,-12.2,-45.7,,,,,,,,
Dunn, Justin,643290,2022,R,92.1,2228,-8.2,-15.5,89,2357,6.6,-40.8,87.9,1632,-11.1,-26,79.8,2367,14.8,-43.4,,,,,,,,,,,,
Jax, Griffin,643377,2022,R,95.4,2391,-8.6,-13.5,86.7,2844,11.4,-38.8,89.8,1580,-14.2,-28.2,82.6,2736,3,-51.2,,,,,,,,,,,,
Leiter Jr., Mark,643410,2022,R,91.1,1948,-5.4,-16.5,81.4,2211,13.5,-43.1,84.2,818,-6.4,-34,73.2,2264,7.6,-68.6,90.9,1913,-12.7,-20.6,87.3,2127,3.1,-29.9,,,,
Pruitt, Austin,643493,2022,R,91.4,2264,-3.2,-17.9,86.9,2562,5.3,-32.9,86.2,1671,-13.9,-29.2,80.9,2899,8,-52.4,,,,,,,,,,,,
Rogers, Tyler,643511,2022,R,83.2,1935,-1.5,-53.2,85.4,2300,13.9,-39.3,,,,,,,,,83.5,1877,-9.3,-43.2,,,,,,,,
Arano, Victor,644364,2022,R,94.5,2269,-8.5,-14.8,,2511,0.8,-36.6,,,,,,,,,93.9,2122,-16.9,-21.3,,,,,,,,
Alcantara, Sandy,645261,2022,R,98,2200,-12,-14.9,77.7,2355,0.3,-30.5,91.8,2056,-16.8,-28.9,86.2,2350,2.4,-39.3,97.8,2293,-17.7,-21.3,,,,,,,,
Pop, Zach,647315,2022,R,,,,,,2406,7.9,-38.6,89.3,1927,-10.2,-30.5,,,,,96.5,2069,-17,-24.5,,,,,,,,
Abreu, Bryan,650556,2022,R,97.2,2312,-6.3,-12,83.3,2765,8.2,-37.8,89.7,1806,-12.2,-21.6,84.5,2942,11.3,-46.2,96,2478,-15.2,-18,,,,,,,,
King, Michael,650633,2022,R,96.4,2433,-7.1,-12.8,,2785,18.6,-40.3,88.3,2152,-17.8,-27.4,,,,,95.5,2375,-16.9,-23.4,,,,,,,,
Civale, Aaron,650644,2022,R,90.7,2354,-2.1,-16,81.2,2810,13.8,-44.1,,,,,75.9,2971,11.7,-65.8,91.3,2312,-12.2,-21.2,86.3,2612,6.6,-32.3,85.5,1843,-12,-29.4
Quijada, Jose,650671,2022,L,94.5,2206,6,-15.2,77.1,2525,-11,-40.8,86.9,1649,16.3,-31.3,,,,,,,,,,,,,,,,
Cabrera, Genesis,650893,2022,L,96.1,2232,7.5,-11.8,87.1,2160,-3.7,-31.1,90.2,1768,14.9,-23.2,79.3,2402,-9.1,-53.8,95.9,2204,14.6,-15.6,,,,,,,,
Castillo, Diego,650895,2022,R,95.7,1968,-11.9,-18.9,78.7,2260,0.2,-28.8,,,,,,,,,95.1,1998,-17.3,-25.3,,,,,,,,
Sanchez, Cristopher,650911,2022,L,,,,,85.8,1912,-1.8,-38.1,84.4,1914,17,-37.3,,,,,93,2061,17.8,-23.5,,,,,,,,
Abreu, Albert,656061,2022,R,97.6,2164,-10.6,-12.9,,2265,2.5,-29.3,88,1914,-16.6,-26.6,,,,,98.5,2200,-14.7,-15.1,,,,,,,,
Beeks, Jalen,656222,2022,L,95,2122,5.1,-12.5,87.8,2258,-2.8,-42.9,90.3,1933,16.6,-25.3,,,,,,,,,87.5,2255,-2.1,-28.6,,,,
Bird, Jake,656234,2022,R,,,,,,,,,88,1730,-10.4,-34.4,81.7,2832,14.4,-50,95,1951,-11.1,-30,91.4,2354,0.6,-24.9,,,,
Brigham, Jeff,656257,2022,R,94.5,2276,-11.7,-15.1,84.8,2831,16.7,-39.2,,,,,,,,,,,,,,,,,,,,
Burke, Brock,656271,2022,L,95,2280,10.3,-14,86.9,2158,-0.9,-30.7,88.1,1991,16.9,-26.8,,,,,93.5,2048,16.3,-18.7,,,,,,,,
Cease, Dylan,656302,2022,R,96.8,2507,-3,-10.3,89.5,2833,4,-35,77.9,1720,-8.3,-29.9,81.1,2697,3.6,-59.1,96.5,2492,-7.8,-10.8,,,,,,,,
Davidson, Tucker,656353,2022,L,93.2,2019,3.1,-14.3,86.5,2278,-5.9,-37.1,85.4,1727,13.6,-26.4,78.4,2475,-8,-53.4,93,1990,8.5,-15,,,,,,,,
Davis, Austin,656354,2022,L,94.1,2254,10.4,-15.8,86.7,2375,-15,-41.6,86.3,1896,15.9,-29.1,77.7,2514,-34.4,-53.2,93.6,2114,15.1,-21.7,,,,,,,,
Faedo, Alex,656412,2022,R,92.7,2180,-11,-14.9,87.9,2486,2.8,-35,86.2,1946,-15.8,-25.8,,,,,,,,,,,,,,,,
Flaherty, Jack,656427,2022,R,93.3,2279,-3.6,-17.5,83.9,2435,7.4,-37.6,86.2,1714,-12.2,-29.5,77.2,2396,13.6,-56.6,91,2014,-11.5,-24.9,88.2,2274,5.3,-28.8,,,,
Gilbert, Tyler,656457,2022,L,89.5,2098,7,-18.9,88.6,,,,,,,,76.2,2497,-6.6,-60.3,89.7,2026,14.1,-22,86.2,2219,-2.5,-26,81.7,1431,11.6,-30.5
Gilbreath, Lucas,656458,2022,L,93.8,2371,0.6,-15.1,84.6,2392,-3.8,-42.7,,,,,,,,,,,,,,,,,85,1188,6.4,-28.8
Ginkel, Kevin,656464,2022,R,96.4,2352,-11.2,-14.8,82.9,2169,1.4,-41.1,84.2,1826,-12.8,-31.8,,,,,,,,,,,,,,,,
Hentges, Sam,656529,2022,L,95.7,2219,8.4,-15.1,84.6,2317,-3.5,-33.2,,,,,81.3,2514,-6.3,-55.5,95.7,2155,14.1,-19.7,,,,,,,,
Hoffman, Jeff,656546,2022,R,94.2,2457,-10.7,-13.8,80.8,2691,10.9,-46.3,87.7,1523,-14.4,-28.1,,,,,,,,,,,,,,,,
Houck, Tanner,656557,2022,R,95.2,2137,-10.4,-20.9,81.9,2556,11.1,-37,,,,,,,,,94.5,2047,-16.6,-31.6,,,,,87.6,1656,-14.8,-34.1
Keller, Mitch,656605,2022,R,95.5,2422,-7.3,-15.2,84,2624,13.9,-40.4,91.2,1632,-14.8,-28.1,78.7,2576,11.2,-60,94.4,2369,-14.8,-19.7,,,,,,,,
Kopech, Michael,656629,2022,R,94.9,2529,-9.9,-11.9,84.4,2389,4.7,-40.2,85.2,1630,-13.1,-27.4,78.4,2399,8,-51.9,,,,,,,,,,,,
Lange, Alex,656638,2022,R,95.7,2247,-9.5,-15.7,81.9,,,,89.7,1699,-16.5,-31.4,85.5,2186,0.6,-42.9,96.2,2221,-15.8,-20.4,,,,,,,,
Logue, Zach,656657,2022,L,90.1,2011,10.1,-20,85,,,,82,1873,15.2,-40.6,77.5,2425,-10.4,-42.4,,,,,85.9,2237,1.5,-29.1,,,,
Martin, Brett,656685,2022,L,93.5,2149,5.4,-17.2,,2207,-2.6,-33.2,,,,,82.8,2250,-1.9,-47.9,93.5,2200,14.4,-18.8,,,,,,,,
Martin, Corbin,656686,2022,R,94,2304,-6.3,-14.3,81.6,2292,4,-26.7,87.8,1987,-16.1,-32.5,84.1,2451,7.4,-40.8,,,,,,,,,,,,
Megill, Trevor,656730,2022,R,98,2445,-4.2,-11.7,,2751,6.4,-39.6,,,,,83.3,2757,7.6,-56.3,98.9,2519,-10.5,-11.1,,,,,,,,
Megill, Tylor,656731,2022,R,95.7,2172,-7.2,-13.4,89.3,2297,4.2,-38.7,89.1,1548,-15.3,-27.4,80.4,2346,5.9,-52.6,,,,,87.4,2220,1.7,-32.5,,,,
Montgomery, Jordan,656756,2022,L,93,2305,8.8,-16.8,,,,,82.3,1677,10.9,-28.5,80.2,2263,-2.9,-47.7,93,2211,16.9,-21.9,88.3,2387,0.1,-25.7,,,,
Nelson, Nick,656793,2022,R,96.3,1969,-6.6,-13.2,85.3,2265,2.2,-30,87.9,1916,-16.1,-28.2,81.9,2231,10.5,-44.2,,,,,,,,,,,,
Newcomb, Sean,656794,2022,L,94.3,2350,5.7,-13.9,87.3,,,,86.7,1317,7.5,-30.2,78.8,2808,-10.3,-60.1,94.2,2481,12.6,-13.5,88.3,2634,-3.5,-30.2,,,,
Overton, Connor,656818,2022,R,91,2228,-9.3,-18,80.3,2436,1.9,-40.5,84.9,1722,-15.6,-31.5,79.5,2409,11.1,-44.9,90.8,2131,-16.4,-22.4,,,,,,,,
Peterson, David,656849,2022,L,93.7,2083,9,-17.5,85.2,2325,-3.9,-37.7,85.8,1633,16.2,-31.2,78.5,2304,-7.3,-52.5,93.2,2093,16.7,-22.2,,,,,,,,
Rasmussen, Drew,656876,2022,R,95.5,2396,-2.3,-13.5,85.8,2470,12.1,-42.2,,,,,79.6,2692,4,-59.5,94.8,2404,-12,-14.3,90.3,2612,1.4,-29.3,,,,
Scott, Tanner,656945,2022,L,96.9,2560,5.3,-12.6,86.5,2735,-5.2,-35.1,,,,,,,,,,,,,,,,,,,,
Smeltzer, Devin,656970,2022,L,89.5,2278,11,-18.1,88.3,2539,-15.7,-44.9,82.2,1599,13.6,-37.5,75.2,2554,-11.6,-59,88.6,2155,14.5,-24,84.8,2160,-2.3,-29.3,,,,
Steele, Justin,657006,2022,L,92.2,2489,-1.5,-19.4,77.8,2690,-14.1,-43.3,87.5,1695,11.4,-24.3,78.1,2513,-12,-52.6,91.6,2409,9.4,-20.6,,,,,,,,
Swanson, Erik,657024,2022,R,93.6,2291,-10,-12.5,83.5,2311,5.9,-31.5,,,,,,,,,,,,,,,,,83.5,1147,-12,-34.2
Thompson, Ryan,657044,2022,R,91.6,2152,-13.5,-26.8,84.1,2147,13.7,-34.4,81.1,745,-5.1,-43.8,,,,,90,1987,-15.8,-41.7,87.2,2146,-2.3,-29.3,,,,
Toussaint, Touki,657053,2022,R,93.1,2243,-8.3,-17.5,,,,,,,,,75.6,2410,13.4,-59.9,91.9,2206,-15.5,-25.7,,,,,86.6,1568,-10.5,-33.6
Watkins, Spenser,657093,2022,R,91.4,2259,-1.2,-16.1,86.4,2589,13.9,-47.1,86,1649,-10.8,-26.5,76.8,2570,5.7,-60.7,90.9,2104,-14,-19.6,87.1,2455,6,-28.5,,,,
Wright, Kyle,657140,2022,R,95.1,2385,-11.4,-17.7,79.4,2394,-1,-25.6,88.1,1699,-15.9,-35,84.7,2723,9,-46.6,94.4,2260,-16.6,-25.9,,,,,,,,
Merryweather, Julian,657240,2022,R,97.3,2286,-6.5,-12.2,87.5,2353,1.7,-36.4,81.6,1338,-11.4,-31.7,80.3,2308,11.4,-57.4,,,,,,,,,,,,
Otto Jr., Glenn,657248,2022,R,92.1,2265,-4.3,-17,72.1,2590,16.5,-42.4,88.2,1719,-14,-25.9,81.2,2461,6.5,-52.3,92.2,2234,-13.9,-22.4,,,,,,,,
Strzelecki, Peter,657265,2022,R,93.5,2416,-11.5,-17.6,80.8,2974,15.6,-37.1,83.3,1746,-16.4,-40.5,,,,,,,,,,,,,,,,
Uelmen, Erich,657272,2022,R,93.7,2149,-9.4,-19.8,84.8,2419,11.6,-33.2,87.2,1963,-13.8,-37,,,,,93.3,2010,-15.1,-30.9,,,,,,,,
Webb, Logan,657277,2022,R,92.4,2069,-9.3,-22.4,90,2628,10.2,-39.4,86.4,1493,-7.1,-42,,,,,91.8,1881,-14.8,-34.8,,,,,,,,
Schmidt, Clarke,657376,2022,R,94.7,2523,-4.9,-16.5,80.6,2856,8.3,-32.9,89.6,2128,-7.9,-30.9,83.5,2913,15,-48.8,94.9,2407,-14.3,-23.4,,,,,,,,
Baumann, Mike,657508,2022,R,95.8,2196,-5.6,-11.8,85,2316,2.1,-25.5,88.7,1894,-16.1,-25.3,84,2215,4.5,-52.9,,,,,,,,,,,,
Ferguson, Caleb,657571,2022,L,94.8,2319,6.2,-14.5,86.7,,,,,,,,78.3,3084,-13.8,-58.9,,,,,,,,,,,,
Hill, Tim,657612,2022,L,91.5,2211,17.4,-28.3,85.6,2008,1.6,-36.5,,,,,,,,,89.5,2071,15.9,-38.5,88.9,1963,8,-29.2,,,,
Koenig, Jared,657649,2022,L,89.4,2152,4.2,-21.1,88.4,,,,82.8,1605,13.2,-32.6,77.6,2210,-10,-54,89.2,2140,11.9,-23.2,82.9,2124,-4.2,-35.5,,,,
Ryan, Joe,657746,2022,R,92,2194,-10.7,-17.5,82.3,2156,4,-37.8,84.6,2087,-17.5,-29.1,74.9,2373,10.6,-56.5,,,,,,,,,,,,
Stout, Eric,657770,2022,L,92.1,2256,9.3,-17.3,80.4,2480,-17.3,-38.1,87.4,1498,15.9,-32.8,77.8,2445,-13.8,-58.2,,,,,,,,,,,,
Medina, Adonis,658431,2022,R,93.1,2353,-5.4,-20,81.3,2412,5,-34.1,87.1,1756,-15.9,-35.8,80.4,2452,15,-40.3,93.5,2287,-15.6,-25.2,,,,,,,,
Lamet, Dinelson,659275,2022,R,95.4,2404,-6.1,-15.4,87.4,2410,0.3,-32.7,,,,,,,,,95.8,2280,-19,-15,,,,,,,,
Ohtani, Shohei,660271,2022,R,97.3,2217,-3.4,-14.5,88.4,2492,13.7,-33.2,,,,,77.7,2483,11.2,-59.5,97.2,1973,-16.2,-22.4,90.5,2410,3.9,-28.4,89.3,1270,-5.4,-31.9
Rodriguez, Elvin,660730,2022,R,93.1,2414,-8.9,-13.4,84.8,2422,2.9,-39.9,86.6,2096,-14.9,-25.5,78.5,2527,8.9,-50.9,93.1,2363,-15.5,-16.8,,,,,,,,
Suarez, Jose,660761,2022,L,92.7,2214,9.5,-16.4,87.2,2584,-9.1,-36.4,82.4,1553,12.7,-35.4,78,2688,-10.5,-51.8,91.7,2029,15.2,-22.6,,,,,,,,
De Los Santos, Yerry,660787,2022,R,95,2226,-11,-15.9,88.6,2185,5.2,-38.7,,,,,,,,,95.3,2197,-16.3,-21.8,,,,,,,,
Graterol, Brusdar,660813,2022,R,99.4,2106,-8.3,-14.4,82.1,2529,5.4,-32.1,,,,,,,,,99.7,2048,-16.5,-19.8,95.6,2323,0.2,-22.3,,,,
De Los Santos, Enyel,660853,2022,R,95.3,2251,-11.8,-16,82.8,2143,2.7,-39.1,87.3,1861,-15.4,-26.3,,,,,,,,,,,,,,,,
Gutierrez, Vladimir,661269,2022,R,92.8,2140,-12,-17.7,,2490,12.8,-40.6,82.9,1737,-13.1,-29.9,78.4,2555,15.1,-52.2,,,,,,,,,,,,
Martinez, Adrian,661309,2022,R,,,,,82.2,1936,2.9,-40.1,84,2289,-14.2,-42.3,,,,,93.8,2157,-17.3,-22.8,,,,,,,,
Ortega, Oliver,661383,2022,R,95.9,2294,-2.4,-15.1,87.2,,,,,,,,82.3,2325,6.3,-48.5,96.6,2270,-12.7,-17.8,94,2331,4.2,-18,,,,
Duran, Jhoan,661395,2022,R,100.8,2171,-11.7,-12.9,87.4,2320,1,-31.3,,,,,87.8,2660,3,-42.2,,,,,,,,,96.4,1658,-12.9,-26.2
Clase, Emmanuel,661403,2022,R,99.9,2565,-4.3,-13.9,92.9,2653,7.1,-32.4,,,,,,,,,,,,,99.5,2653,3.2,-16.5,,,,
Martinez, Seth,661527,2022,R,91.9,2192,-10.3,-19.1,86.6,2467,12.7,-35.7,86.5,1719,-15.2,-37.2,,,,,90.9,2141,-14.9,-30.1,86.1,2436,3.1,-29.2,,,,
Munoz, Andres,662253,2022,R,100.2,2290,-12.1,-13.9,80.5,2226,4.3,-29.7,,,,,,,,,,,,,,,,,,,,
Suarez, Robert,663158,2022,R,97.9,2304,-7.3,-11.6,85,,,,89.3,1763,-16.2,-26.7,80.6,2153,5.9,-50.2,97,2249,-14,-14.7,93.6,2206,0.8,-20.6,,,,
Feltner, Ryan,663372,2022,R,94.5,2346,-6.6,-17,84,2482,5.8,-36.2,83.8,1593,-5.3,-33,77.9,2547,8.2,-54.6,93.5,2305,-12.1,-25.7,,,,,,,,
Thornton, Trent,663423,2022,R,93.8,2431,-2.5,-13.1,83.8,2919,14.7,-40.8,,,,,79.7,3028,8.4,-59.4,92.9,2263,-11.1,-19.7,,,,,,,,
Rainey, Tanner,663432,2022,R,97,2429,-8.7,-11,,2383,3.6,-33.5,89.1,1119,-10.1,-23.1,,,,,,,,,,,,,,,,
Martin, Davis,663436,2022,R,94,2356,-6.3,-14.6,82.7,2697,7.1,-38.2,85.9,2192,-14.9,-28,79.7,2627,8.1,-54.6,,,,,,,,,,,,
Pilkington, Konnor,663455,2022,L,92.1,2220,9.4,-16,85.4,2234,-1.9,-41.1,84.4,1742,14.3,-30.1,77,2177,-6.3,-57.3,93.3,2222,16.1,-12.5,,,,,,,,
Bubic, Kris,663460,2022,L,91.9,2134,7.7,-15.9,88,,,,80.7,1690,14.3,-33.2,79.4,2609,-7.6,-56.4,,,,,,,,,,,,
McKenzie, Triston,663474,2022,R,92.5,2313,-3,-11.6,81.2,2196,5.3,-25.6,,,,,79.4,2198,7.9,-51.3,,,,,,,,,,,,
Sands, Cole,663485,2022,R,91.6,2222,-8.8,-20.2,85.4,,,,85.4,2047,-16.8,-30.6,78.6,2812,18.1,-48.8,,,,,84.3,2375,2.9,-35,84.9,1294,-12.4,-39.1
Hjelle, Sean,663546,2022,R,91.7,1841,-9.9,-21,84.3,,,,88.4,1765,-13.2,-30.5,85.7,1879,1.4,-36.5,93.8,1979,-16.5,-26.2,,,,,,,,
McClanahan, Shane,663556,2022,L,96.7,2233,10.8,-11.7,84.3,2350,-3.6,-30.6,87.7,1732,16,-25.4,82,2628,-7.6,-52.1,,,,,,,,,,,,
Moran, Jovani,663558,2022,L,93.4,2225,2.9,-13.4,,2600,-8,-43.2,83.3,1809,13.7,-31.4,,,,,,,,,,,,,,,,
Falter, Bailey,663559,2022,L,91.4,2056,1.2,-13.8,,1967,-4.4,-35.5,83.1,1567,8.3,-24.9,76.6,2125,-7.6,-53.4,91,1783,7.9,-15.8,,,,,,,,
Lynch, Daniel,663738,2022,L,94,2125,6.9,-15.3,86.8,2020,-0.4,-33.8,84.8,1670,13.2,-27.7,81.1,2106,-1.9,-47,93.4,2053,14.1,-19.4,,,,,,,,
Morris, Cody,663752,2022,R,94.6,2500,-7.2,-13.4,88.9,,,,81.9,1402,-12.3,-30.8,79.6,2364,9,-58.4,,,,,88.2,2329,3.9,-28.2,,,,
Woodford, Jake,663765,2022,R,92.4,2203,-5.5,-18.4,88.5,2508,12.7,-43.7,85.2,1401,-12.1,-29.9,75.3,2541,10.7,-66.2,91.8,2027,-12.6,-24.3,,,,,,,,
Sandoval, Patrick,663776,2022,L,93.1,2037,4,-15.1,85.2,2550,-6.6,-35.6,83.7,1608,14.3,-30.6,78.6,2781,-7.6,-56.5,93.4,1924,13.7,-19,,,,,,,,
Hicks, Jordan,663855,2022,R,100.1,2178,-7.8,-16.8,,2486,11.8,-38.7,92.1,1758,-15.7,-24.2,,,,,99.4,2039,-15.8,-19.7,,,,,,,,
Singer, Brady,663903,2022,R,92.6,2327,-7.6,-20.2,89.9,2341,3.6,-36.8,86.9,2229,-14.5,-24.3,,,,,93.8,2297,-14.9,-20.6,,,,,,,,
Stephan, Trevor,663986,2022,R,96.5,2477,-11,-15,,2590,9.5,-34.6,,,,,,,,,,,,,,,,,87.9,1272,-11.9,-30.9
Vespi, Nick,663989,2022,L,88.5,2267,-2.4,-30.5,88.4,2550,-10.5,-36.9,,,,,80.5,2421,-9.4,-47.1,,,,,,,,,,,,
Gonsolin, Tony,664062,2022,R,93.1,2326,-8.5,-14.2,81.9,2486,3.2,-30.8,,,,,80.7,2570,3.3,-54,,,,,,,,,83.5,1411,-12.4,-36.8
Poppen, Sean,664092,2022,R,,,,,84.4,2280,15.5,-40.9,85.3,1860,-17.2,-33.3,,,,,94.6,2090,-14.9,-23,,,,,,,,
Effross, Scott,664123,2022,R,90.8,2246,-17.3,-29.6,84.6,2451,12.5,-40.3,83,2065,-14.3,-48.6,,,,,90.3,2216,-18,-37.1,,,,,,,,
Gibaut, Ian,664139,2022,R,95.8,2273,-4.7,-12.5,89.2,2492,13.2,-37.3,85.9,1894,-14.9,-29.4,,,,,,,,,92.4,2356,4.1,-22.4,,,,
Brubaker, JT,664141,2022,R,92.7,2156,-9.3,-16.2,81.6,2653,0.9,-34.3,87.2,1880,-15.2,-29.6,80,2813,6.5,-50.9,93.1,2281,-16.1,-21.7,,,,,,,,
Swarmer, Matt,664161,2022,R,90.5,1989,-4.1,-18.1,77.1,2194,7.3,-37.5,85.7,1468,-4.1,-26.3,,,,,,,,,,,,,,,,
Clarke, Taylor,664199,2022,R,95.6,2268,-5.5,-12.3,87.3,2177,3.6,-31.4,89,1536,-14.1,-29.5,,,,,,,,,,,,,,,,
Maton III, Phil,664208,2022,R,91,2487,-1.3,-16.8,82.1,2673,17.8,-37.7,84.2,2243,-4.9,-21.3,74.5,2996,19.9,-58.9,90.2,2223,-15.2,-24.7,82.4,2656,9.3,-31.1,,,,
Valdez, Framber,664285,2022,L,94.1,2192,7.4,-22.1,84.9,,,,88.7,1631,15.3,-33,79.1,2848,-11.7,-60.5,93.9,2203,14.4,-24.2,83,2673,-3.7,-45,,,,
Moreta, Dauri,664294,2022,R,95.9,2250,-8.2,-11.9,79.5,1996,-3.7,-35.8,87.8,1810,-12.5,-21.3,,,,,96,2285,-11.9,-12.7,,,,,,,,
Javier, Cristian,664299,2022,R,93.8,2354,-7.3,-12.2,,2621,15.1,-40.2,85.3,2220,-14.5,-28.1,76.5,2885,13.2,-56.4,,,,,,,,,,,,
Yajure, Miguel,664337,2022,R,92.9,2325,-7.2,-15.2,78.4,2127,9.2,-39.4,89.2,1523,-13.6,-30.6,81.9,2666,6.8,-55.4,92.9,2117,-14.6,-20.2,90.2,2375,-1.6,-22.8,,,,
Urquidy, Jose,664353,2022,R,93.5,2201,-7.7,-11.7,90.1,2623,14.5,-41.9,86.1,2006,-15.8,-23.6,78.1,2628,7.4,-60.3,,,,,87.4,2508,4.2,-29.7,,,,
Diaz, Alexis,664747,2022,R,95.7,2656,-6.6,-15.6,87.7,2750,5.7,-35.1,,,,,81.4,2864,14.9,-45.3,,,,,,,,,,,,
Helsley, Ryan,664854,2022,R,99.6,2643,-2.8,-9.5,81.1,2464,4.5,-32.2,89.7,1564,-10.9,-22,80.7,2532,6.7,-53.7,,,,,,,,,,,,
Lawrence, Justin,664875,2022,R,,,,,82.9,2797,14.5,-36.1,,,,,,,,,95.1,2281,-16.5,-29.3,,,,,,,,
Misiewicz, Anthony,664948,2022,L,93.4,2122,8.5,-15.5,83,2708,-9.4,-40.8,,,,,79.2,2855,-8.8,-54.4,,,,,88.9,2416,-0.1,-25.6,,,,
Kelley, Trevor,665001,2022,R,,,,,82.5,2442,0.1,-34.1,80.7,1916,-17.7,-44.5,78.6,2551,8.9,-45.9,89.9,2221,-17.5,-28.9,,,,,,,,
Kremer, Dean,665152,2022,R,93.5,2233,-8.9,-14.9,86.4,,,,83.8,1581,-15.1,-37.8,76.5,2697,11.1,-62.2,91.7,2141,-16.2,-20.6,88,2478,4.7,-27.1,,,,
Garcia, Rony,665621,2022,R,92.9,2335,-10.6,-18,79.9,,,,87.5,1748,-12.1,-26.9,80.3,2343,7.9,-42.2,92.5,2252,-17,-24.6,,,,,,,,
Sanmartin, Reiver,665665,2022,L,90.9,2217,13.6,-21.3,91.5,2433,-5.7,-39,85.2,2002,16.9,-38.7,,,,,90.5,2223,17.5,-28.9,,,,,,,,
Cabrera, Edward,665795,2022,R,96,2289,-9.8,-13.8,,2423,4.4,-33.8,92.5,1686,-16.1,-23.9,83.8,2431,9,-44.8,95.8,2259,-15.5,-17.2,,,,,,,,
Assad, Javier,665871,2022,R,92.9,2211,-6.9,-15.2,82.4,2297,10.8,-37.7,85.4,1510,-14.2,-29.6,75.9,2432,10.8,-58.3,92.3,2004,-14.2,-20,88.1,2134,3.6,-28.2,,,,
Anderson, Ian,666120,2022,R,94,1937,-5.9,-14.3,,,,,88.2,1519,-10.4,-25.3,81.7,1874,0.6,-43.8,93.5,2060,-10.6,-18.3,,,,,,,,
Garrett, Braxton,666129,2022,L,91.4,2315,9.3,-17.1,82,2298,-9,-41.7,85.9,1637,16.9,-33.5,78.7,2298,-11.4,-53.2,90.9,2089,16.4,-26.3,,,,,,,,
Ragans, Cole,666142,2022,L,92.1,2400,10.7,-14,85.6,,,,82.1,2209,16.2,-26.7,76.3,2220,-11.2,-62.3,,,,,88.5,2419,0.9,-27.5,,,,
Lodolo, Nick,666157,2022,L,94.4,2338,16.8,-20.5,80.1,,,,88.3,1962,17.9,-32.9,81.5,2733,-13.8,-40,94.2,2313,18.6,-24.3,,,,,,,,
Manning, Matt,666159,2022,R,93.2,2055,-2.9,-15,86.4,2176,8.2,-28.9,86.2,1372,-11.7,-29.5,79.7,2282,8.9,-54,92.8,1931,-9.8,-17.3,,,,,,,,
Thompson, Mason,666168,2022,R,95.5,2252,-8.6,-12.5,88.9,2207,4.2,-39.9,88.2,2001,-18.4,-28.5,,,,,95.8,2252,-16.6,-19.1,,,,,,,,
Luzardo, Jesus,666200,2022,L,96.3,2207,13.5,-14.6,80.7,,,,87.2,1899,15.6,-27.7,83.7,2325,-1.1,-39.6,95.7,2144,16.9,-18.1,,,,,,,,
Manoah, Alek,666201,2022,R,93.9,2369,-5.5,-14.3,86.3,2216,14.5,-41,86.5,1980,-14.5,-27.2,,,,,93.3,2194,-14.7,-21.1,,,,,,,,
Jimenez, Dany,666204,2022,R,93.9,2216,-3.4,-13.3,85.3,2360,2,-41.1,,,,,,,,,,,,,92.8,2150,2.5,-17.2,,,,
Wentz, Joey,666214,2022,L,92.4,2273,11.9,-15.6,82.9,,,,84.1,2085,15,-27,75.4,2291,-8.6,-58.8,,,,,83.4,2295,-1.7,-34.7,,,,
Brash, Matt,666374,2022,R,96.9,2233,-11.5,-15.3,81.7,2885,15.3,-36.6,85.9,2060,-17.9,-30.7,84.5,2972,13.8,-46.1,,,,,,,,,,,,
Castillo, Max,666721,2022,R,93,2193,-13,-17.5,83.9,2377,3.2,-36,87.5,1615,-13.6,-30.5,,,,,,,,,,,,,,,,
Doval, Camilo,666808,2022,R,,,,,90.6,2580,6.4,-34.8,,,,,,,,,98.4,2472,-11.3,-25.6,99.4,2531,-5,-14.7,,,,
Nance, Tommy,667297,2022,R,93.8,2341,-9.1,-15.4,82.1,2652,2.7,-39.3,,,,,85.3,2886,11.5,-49.4,94.2,2326,-15.9,-23.7,,,,,,,,
Jackson, Zach,667427,2022,R,94.5,2121,-4.9,-11.2,83.1,2461,0.6,-40.1,88.9,1239,-9.4,-26.9,,,,,,,,,94.2,2204,1.7,-10.1,,,,
King, John,667463,2022,L,,,,,86.2,2660,-13.3,-50.8,80.7,1638,15.7,-42,,,,,92.4,2066,15.6,-31.4,86.7,2449,-0.5,-32.8,,,,
Plesac, Zach,668676,2022,R,91.9,2151,-7.4,-13.5,82.2,2125,1.3,-29.9,85.7,1628,-11.4,-24.9,79.3,2182,1.9,-52.8,89.4,2080,-13.6,-19,,,,,,,,
Gallen, Zac,668678,2022,R,94.1,2420,-3.4,-13.5,82,2513,7.5,-35.6,86.2,1539,-11.9,-32.8,81.6,2515,6.7,-53.5,94.7,2216,-14.4,-16.3,89.9,2424,5.3,-26.7,,,,
Thompson, Zack,668868,2022,L,94.8,2002,7.9,-14.5,,,,,87.7,1464,12.3,-26.1,75,2811,-7.8,-67.4,,,,,88.1,2107,-0.8,-29.5,,,,
Greene, Hunter,668881,2022,R,98.9,2367,-11.7,-12.1,89.7,2363,4.6,-32,90.1,1988,-11.3,-22,,,,,,,,,,,,,,,,
Ashcraft, Graham,668933,2022,R,,,,,91.9,2707,11,-40.1,89.8,1776,-13.6,-28.1,,,,,97.2,2185,-9.8,-22.4,97.3,2383,0.6,-19.3,,,,
McCarty, Kirk,668948,2022,L,92.5,2311,7.1,-13.6,83.7,2461,-6,-37.4,84.7,1610,12.5,-25,77.1,2714,-9.1,-54.5,90.9,2252,14,-10.4,88.5,2416,-2.9,-25.8,,,,
Gore, MacKenzie,669022,2022,L,94.7,2237,5.2,-13,79.6,1957,-2.1,-30.6,84.8,2083,13.1,-24.9,80.8,2293,-0.6,-52.4,,,,,,,,,,,,
Wilson, Bryse,669060,2022,R,92.7,2034,-8.5,-17.4,88.6,2160,5.2,-36.2,85.1,1467,-12.9,-33.5,77.2,2307,16.6,-49.6,92.1,1958,-16.2,-24.3,,,,,,,,
Zimmermann, Bruce,669145,2022,L,90.6,2335,7.9,-16.6,,2433,1.1,-34.9,84.7,1938,16.7,-28.3,81,2404,-1.5,-48.9,90.5,2312,14.4,-23.3,,,,,,,,
May, Dustin,669160,2022,R,98.1,2356,-10.2,-13.4,84.4,,,,88.6,1929,-14.9,-34.3,85.5,3267,17.2,-41.7,97.3,2328,-18,-21.4,92.7,2462,0.4,-25.7,,,,
Heasley, Jonathan,669169,2022,R,93.4,2322,-8.2,-12.5,,2277,3.3,-34.1,84.9,1871,-12.9,-27.7,78.5,2615,6.1,-60.3,93.1,2332,-12.1,-13.7,,,,,,,,
Burnes, Corbin,669203,2022,R,96.1,2578,-5.1,-13.8,85.2,2801,7.4,-35.1,90.3,2045,-14.4,-26.4,81.6,2761,9.8,-47.5,96.3,2495,-11.6,-17.3,95,2626,4.4,-18.7,,,,
Akin, Keegan,669211,2022,L,93.5,2256,10.7,-13.6,82.2,2163,-5.1,-36.2,84.1,1967,16,-30,75.1,2385,-10.4,-61.9,,,,,,,,,,,,
Morgan, Eli,669212,2022,R,92.1,2268,-10.9,-15.1,88.4,2274,1.4,-32.3,75.9,2098,-15.6,-44,80.5,2223,12.3,-47.4,,,,,89.3,2285,-5.5,-17.7,,,,
Kuhnel, Joel,669270,2022,R,96.2,2231,-7,-17.1,84.3,2365,4.4,-35.4,90.2,1483,-11.6,-28.5,,,,,96,2234,-15.9,-21.4,,,,,,,,
Lee, Dylan,669276,2022,L,92.1,2260,7,-12.7,81.9,2080,-3.2,-34.4,86.3,1525,11,-26.4,,,,,,,,,,,,,,,,
Gilbert, Logan,669302,2022,R,96.1,2135,-6.4,-11.9,,2289,6.1,-31.6,86.2,1752,-15.3,-28.3,80.8,2117,4.2,-50.1,94.7,1973,-13.7,-18.1,,,,,,,,
Wells, Tyler,669330,2022,R,93.5,2459,-5.8,-11.5,,2537,4.9,-28.1,86.7,2098,-14.9,-23.1,77.8,2633,12.1,-51.1,,,,,,,,,,,,
Baz, Shane,669358,2022,R,96,2429,-8.9,-11.8,87.3,2541,2.2,-30.4,88.5,2009,-16,-24.9,82.3,2744,7.2,-53.8,,,,,,,,,,,,
Skubal, Tarik,669373,2022,L,94.1,2157,8.3,-15.1,,2118,-1.1,-25.9,83.6,1599,13.4,-32.6,76.9,2230,-6.4,-55.3,94.8,2053,15.2,-19.3,,,,,,,,
Coleman, Dylan,669395,2022,R,97.5,2447,-4.8,-15.2,,2468,13.9,-36.2,,,,,,,,,98,2518,-12.7,-14.2,,,,,,,,
Lambert, Jimmy,669424,2022,R,94.3,2220,-7.7,-12.7,89.3,2583,5.6,-39.9,85.4,1576,-14.6,-31.2,76.8,2597,5.9,-65.4,,,,,,,,,,,,
Rogers, Trevor,669432,2022,L,94.6,2423,12.6,-16.6,81.2,2040,-7.6,-36.3,85.7,1372,14.6,-35.6,,,,,94.9,2318,19,-25.8,,,,,,,,
Bieber, Shane,669456,2022,R,91.3,2206,-8.5,-15.3,83.5,2513,2.8,-35.1,86.4,1557,-12.9,-30.3,82,2197,9.9,-51.6,,,,,86.9,2502,2,-27.3,,,,
Nelson, Kyle,669459,2022,L,91.9,2147,3.9,-17.4,86.5,2573,-6.2,-38.2,,,,,77,2415,-12.9,-50.1,,,,,,,,,,,,
Liberatore, Matthew,669461,2022,L,93.7,2116,6.9,-14.7,85.9,2573,-4,-34.9,85.9,1527,12.8,-28.2,74.3,2737,-11.6,-67.2,92.8,2039,13.1,-18.7,,,,,,,,
Pallante, Andre,669467,2022,R,95.2,2221,-3.6,-21,,2337,5.4,-37.3,83.1,1574,-11.5,-31.9,76.5,2836,9,-65.1,94.8,2108,-12.7,-17.9,,,,,,,,
Barlow, Joe,669618,2022,R,94.6,2331,-6.1,-11.4,82.8,2285,3.8,-28.4,,,,,81.3,2455,1.8,-50.2,94.7,2345,-11.8,-12.6,,,,,,,,
Long, Sam,669674,2022,L,94.7,2205,7.5,-12.4,82.1,,,,84.3,1946,11,-23.8,77,2520,-2.1,-62,93,2182,12.2,-12.5,,,,,,,,
Wesneski, Hayden,669713,2022,R,93.1,2148,-6.3,-18.6,83.3,2566,18.1,-40.3,87,1562,-15.3,-32.4,,,,,92,2037,-16.9,-25.7,88.7,2403,4.1,-29.1,,,,
Snead, Kirby,669912,2022,L,93.5,2497,14.2,-18.5,86.3,2788,-9.2,-41.2,87.6,2222,18.6,-35.9,,,,,93.3,2402,18.7,-25.3,,,,,,,,
Alexander, Jason,669920,2022,R,93.1,2191,-13.9,-20.3,82.9,2512,11.2,-39.6,81.5,1806,-17,-38.3,,,,,92.4,2062,-16.4,-30.9,,,,,,,,
Kirby, George,669923,2022,R,95.3,2179,-8.8,-15.1,84.7,2188,10.1,-38.1,86,1471,-15.3,-33.5,80.8,2177,9.9,-53.6,94.7,2236,-16.2,-20.6,88.3,2149,3.8,-30.2,,,,
White, Mitch,669952,2022,R,93.7,2277,-3.9,-15.2,85.5,2452,9.2,-38.3,87.2,1548,-13.7,-30.4,80.2,2407,5.2,-57.2,94.2,2181,-13.1,-16.8,,,,,,,,
Festa, Matthew,670036,2022,R,92.6,2332,-4.8,-17.6,83.5,2567,15.6,-37.1,,,,,,,,,92.5,2027,-13.1,-23,,,,,,,,
Holderman, Colin,670059,2022,R,96.5,2225,-8.3,-16.7,85.9,2455,7.6,-32.3,86.4,1899,-15.8,-33.3,,,,,96,2174,-15.3,-20.2,89.9,2412,0.8,-25.4,,,,
Mills, Wyatt,670090,2022,R,91.8,2012,-13.9,-24.9,83.6,2353,7,-35.8,,,,,,,,,91.3,1838,-15,-32.1,,,,,,,,
Oller, Adam,670124,2022,R,93.3,2209,-11.1,-14.2,82.7,1769,4.8,-43.2,86.5,1647,-14.5,-29.4,80.5,2056,5,-49.5,93.6,2116,-15.1,-17.1,89.5,2180,-1.3,-24.2,,,,
Schreiber, John,670167,2022,R,94.5,2237,-10.3,-21.5,82,2614,13,-36.6,88.5,1649,-15.6,-37.6,,,,,93.4,2184,-15.5,-34.3,,,,,,,,
Winckowski, Josh,670174,2022,R,93.7,2201,-2.8,-16.2,87.5,2331,5.6,-41,89.9,1598,-15.6,-31.5,,,,,94,2031,-14.6,-21.9,88.6,2140,3.9,-29.4,,,,
Bednar, David,670280,2022,R,96.4,2298,-10.2,-12.4,82.7,,,,,,,,77.1,2436,8.3,-56.7,95.2,2256,-16.7,-15.7,,,,,89.8,1562,-4.5,-28.8
Oviedo, Johan,670912,2022,R,96,2275,-8.7,-19.5,83.5,2585,5.8,-35.6,88.8,1747,-15.4,-28.7,78.4,2461,10.8,-49.7,,,,,,,,,,,,
Richards, Trevor,670950,2022,R,93.4,2222,-7.4,-11.4,79.8,,,,84.1,2505,-16.2,-32.6,85.1,2116,2,-35.7,,,,,,,,,,,,
Morejon, Adrian,670970,2022,L,96.9,2498,6.8,-12.2,85.8,2655,-5.3,-37.2,84.3,859,8.3,-31.9,80.1,2536,-10.2,-51.2,,,,,,,,,,,,
Ramirez, Yohan,670990,2022,R,93.8,2235,-9.2,-19,84.2,2375,15.3,-34.9,,,,,,,,,95.7,2234,-17.8,-24.4,,,,,,,,
Foley, Jason,671345,2022,R,96.1,2185,-13,-16.7,86.7,2224,6.6,-35.9,89.5,1594,-14.8,-31.7,,,,,96.3,2034,-17.2,-23.8,,,,,,,,
Detmers, Reid,672282,2022,L,93.2,2102,10.1,-14.7,82.1,2146,-3.1,-37.9,84.2,1435,13.5,-29.6,73.1,2476,-12.2,-67,93.7,2127,15.5,-17.3,,,,,,,,
Perez, Cionel,672335,2022,L,97,2194,6.2,-12.7,88.4,2614,-12.2,-44.7,,,,,,,,,96.5,2259,15.1,-20.4,,,,,,,,
Ort, Kaleb,672391,2022,R,96.3,2176,-9.4,-12.9,,2378,10.3,-36.4,89.8,1891,-15.8,-28.2,,,,,95.7,2467,-16,-12.3,,,,,,,,
Hernandez, Carlos,672578,2022,R,96.8,2365,-8.2,-12.1,80.9,2029,3.1,-34.9,,,,,82.1,2282,3.1,-45.1,94.1,2301,-15.5,-14.3,,,,,85,1183,-9.7,-28.5
Contreras, Roansy,672710,2022,R,95.6,2389,-7.4,-12.3,,2488,4.3,-40.3,89.7,2080,-14.5,-22.6,78.9,2727,8.9,-56.7,,,,,,,,,,,,
Adon, Joan,672851,2022,R,95,2186,-10.7,-15.4,85.7,2061,2.4,-34.1,87.4,1886,-16.1,-28.5,79.7,2263,7.8,-53.5,94.9,2144,-15.3,-17,,,,,,,,
Henry, Tommy,674072,2022,L,91.6,2184,7.2,-17.6,79.8,2193,1.4,-31.3,84.7,1435,14.3,-34.1,80.6,2389,-6.8,-50.5,91.3,2212,13.1,-16.9,,,,,,,,
Grove, Michael,675627,2022,R,94.4,2182,-6.7,-13.4,81.4,2274,4.9,-34.4,,,,,79.1,2559,8,-56.8,,,,,,,,,,,,
Strider, Spencer,675911,2022,R,98.2,2343,-5.1,-10.7,80.1,2388,5.2,-35.6,88.9,2126,-14.8,-25,,,,,,,,,,,,,,,,
Karinchak, James,675916,2022,R,95.2,2349,-1.9,-9.5,86.9,,,,,,,,82.9,2398,-1.7,-48.3,,,,,,,,,,,,
Howard, Spencer,675921,2022,R,94.4,2144,-7.6,-14.4,82.9,,,,79.5,1471,-12.7,-33.7,75,1938,6.2,-66.1,,,,,84.8,2162,5.2,-37.7,,,,
Naughton, Packy,676050,2022,L,92.8,2079,7.1,-17.2,89.1,2350,-3.5,-42.2,84.4,1428,14.1,-32.1,,,,,92.6,2016,15.3,-21.1,,,,,,,,
Snider, Collin,676092,2022,R,94.1,2385,-8.4,-21.2,82.3,2676,6.5,-38.3,89.5,2259,-13.7,-33.3,,,,,96,2428,-14.6,-26.6,,,,,,,,
Abbott, Cory,676265,2022,R,91.3,2253,-11.5,-15.8,83.6,2133,-10.2,-30.6,,,,,84.4,2291,0.9,-43.9,,,,,,,,,,,,
Whitlock, Garrett,676477,2022,R,95.1,2123,-10.7,-14.3,83.6,1928,1.6,-40.9,84.6,2046,-18,-33.3,,,,,95.3,2152,-15.3,-17.2,,,,,,,,
Faucher, Calvin,676534,2022,R,,,,,,2780,10,-35.2,,,,,85.3,2925,8.2,-51.1,95.3,2261,-10.3,-12.9,,,,,,,,
Fleming, Josh,676596,2022,L,91.3,1779,7.4,-10.9,,,,,82.2,1691,15,-41.8,79.5,1846,-12.5,-48,91.2,1761,17.5,-30.3,84.3,1897,-0.8,-32.7,,,,
Sears, JP,676664,2022,L,93.2,2152,12.1,-17.9,91,2495,-7,-47.2,82.7,1880,18.1,-36.8,,,,,,,,,,,,,,,,
Vest, Will,676684,2022,R,95.1,2079,-9.3,-14.8,,2391,9,-38.6,86.8,1571,-15.5,-32.6,,,,,95.3,1875,-13.9,-22,,,,,,,,
Crawford, Kutter,676710,2022,R,94.6,2420,-10,-11.6,82,2431,5.1,-37.7,86.6,1322,-10.9,-25.9,79.7,2271,9.2,-57.5,,,,,88.8,2422,4.4,-26.7,,,,
Hughes, Brandon,676714,2022,L,93.2,2313,12.9,-16.8,86.8,2372,-3.8,-36.5,85.3,1964,17.4,-30.7,,,,,93.2,2236,16.2,-21.6,,,,,,,,
Marinaccio, Ron,676760,2022,R,94.6,2325,-12.5,-13.6,81.2,2354,14.4,-36.8,83.9,1981,-17.1,-37.4,,,,,,,,,,,,,,,,
Ashby, Aaron,676879,2022,L,95.5,2116,8.8,-16.7,88.1,2546,-9.4,-42.3,89.1,1784,14.8,-31.2,79.7,2596,-7.8,-59,95.7,2091,15.4,-20.1,,,,,,,,
Garcia, Luis,677651,2022,R,94,2408,-7.5,-13.1,,2525,15.2,-45.2,84.8,2032,-17,-28,77.1,2577,5.9,-57.1,90.6,2232,-16.9,-19.6,85.3,2354,5.1,-32.2,,,,
Bruihl, Justin,677865,2022,L,,,,,84.1,2391,-15.8,-48,,,,,,,,,88.7,2126,13.6,-31.6,86.4,2279,-3.5,-28.6,,,,
Bello, Brayan,678394,2022,R,97,2202,-9.5,-15.7,,2497,4.2,-39.7,88.2,1876,-16.7,-30.4,80.2,2448,1.7,-52.9,96.3,2122,-17.2,-25.1,,,,,,,,
Gray, Josiah,680686,2022,R,94.4,2216,-10,-13,,2030,1.6,-31.6,88.2,2056,-16,-25.2,82.7,2490,2,-45.4,94.7,2277,-15.7,-17,,,,,,,,
Bradish, Kyle,680694,2022,R,94.6,2305,1.3,-14.4,83.7,2483,10.8,-37.4,89.9,1427,-12.2,-24.3,83.2,2517,5.8,-53.1,95.3,2154,-11.8,-15.3,,,,,,,,
Sandlin, Nick,680704,2022,R,93.6,2308,-11.3,-20.2,84.4,2617,12.7,-37.8,,,,,,,,,93.5,2151,-15.8,-28.8,,,,,88.3,1507,-11.7,-36.2
Winder, Josh,680739,2022,R,94,2023,-8.3,-13.4,,2118,1,-37.1,88.9,1516,-12.4,-24.2,81,2156,1.8,-51.3,,,,,,,,,,,,
Silseth, Chase,681217,2022,R,95.4,2349,-7.3,-14.1,81.5,2574,7.3,-45,,,,,78.9,2664,5.6,-59.6,94.3,2237,-14.7,-20.5,,,,,86.3,1296,-11,-31.5
Wantz, Andrew,681806,2022,R,93.8,2366,-3,-13.6,81.9,2430,13.6,-40.7,86.9,1632,-10.8,-32.2,,,,,,,,,87.9,2567,6.2,-31.7,,,,
Vesia, Alex,681911,2022,L,94.1,2326,5,-11.4,86.9,2415,-7.3,-34.5,85.6,1967,12.1,-24.8,,,,,,,,,,,,,,,,
Hill, Garrett,682051,2022,R,92,2154,-9.5,-16.3,,2527,6.1,-37.8,82.2,1368,-12.7,-35,77.1,2639,10,-58.2,91.7,2133,-12.9,-17.5,,,,,,,,
Murfee, Penn,682171,2022,R,89,2278,-2.9,-26.7,86.8,2645,16.9,-40.9,,,,,,,,,88.9,2069,-10.7,-33.1,,,,,,,,
Arihara, Kohei,685503,2022,R,92,2185,-11.4,-17.2,83.4,2124,4.8,-40.6,81.2,1408,-15,-38.2,74.5,2123,8.2,-55.2,90.5,2059,-16.4,-23.3,88,2137,-1,-24.2,82.7,1425,-8,-35.4
Waldichuk, Ken,686610,2022,L,94.1,2335,10.5,-15.4,87.7,2289,-17.8,-43.3,82.4,1649,15.4,-36.2,75.2,2059,-15.5,-58.3,,,,,,,,,,,,
Pepiot, Ryan,686752,2022,R,93.9,2409,-9.9,-12.9,85.4,2693,7,-32.4,86.8,2374,-16.8,-29.8,,,,,,,,,,,,,,,,
Varland, Louie,686973,2022,R,93.8,2206,-9.6,-15.9,87.5,2332,8.7,-41,83.8,1511,-14.3,-32.5,,,,,,,,,89,2269,2.3,-25.9,,,,
Brieske, Beau,689225,2022,R,94.3,2375,-7.3,-13.3,86.9,2187,0.1,-29.9,82,2219,-15.4,-28,78.1,2262,3,-52,93.6,2391,-13.3,-17.1,,,,,,,,
Elder, Bryce,693821,2022,R,91.6,2104,-8.1,-20.2,82.5,2413,0.5,-44.8,86,2111,-11.7,-32.8,78.6,2452,0.3,-46.8,90.7,1969,-14.5,-25,90.5,2153,-1.6,-19.3,,,,
,,,,,,,,,85.2,,,,,,,,,,,,,,,,,,,,,,,
,,,,,,,,,78.9,,,,,,,,,,,,,,,,,,,,,,,
,,,,,,,,,79.6,,,,,,,,,,,,,,,,,,,,,,,
,,,,,,,,,77.6,,,,,,,,,,,,,,,,,,,,,,,
,,,,,,,,,81.4,,,,,,,,,,,,,,,,,,,,,,,
,,,,,,,,,81.5,,,,,,,,,,,,,,,,,,,,,,,
,,,,,,,,,85.4,,,,,,,,,,,,,,,,,,,,,,,
,,,,,,,,,86.7,,,,,,,,,,,,,,,,,,,,,,,
,,,,,,,,,,,,,,,,,,,,,,,,,,,,,,,,
,,,,,,,,,84.2,,,,,,,,,,,,,,,,,,,,,,,
,,,,,,,,,88.1,,,,,,,,,,,,,,,,,,,,,,,
,,,,,,,,,85.8,,,,,,,,,,,,,,,,,,,,,,,
,,,,,,,,,84,,,,,,,,,,,,,,,,,,,,,,,
,,,,,,,,,82.7,,,,,,,,,,,,,,,,,,,,,,,
,,,,,,,,,87.4,,,,,,,,,,,,,,,,,,,,,,,
,,,,,,,,,83.4,,,,,,,,,,,,,,,,,,,,,,,
,,,,,,,,,87.4,,,,,,,,,,,,,,,,,,,,,,,
,,,,,,,,,85.1,,,,,,,,,,,,,,,,,,,,,,,
,,,,,,,,,,,,,,,,,,,,,,,,,,,,,,,,
,,,,,,,,,85.6,,,,,,,,,,,,,,,,,,,,,,,
,,,,,,,,,82.5,,,,,,,,,,,,,,,,,,,,,,,
,,,,,,,,,88.2,,,,,,,,,,,,,,,,,,,,,,,
,,,,,,,,,85.3,,,,,,,,,,,,,,,,,,,,,,,
,,,,,,,,,85.7,,,,,,,,,,,,,,,,,,,,,,,
,,,,,,,,,86.8,,,,,,,,,,,,,,,,,,,,,,,
,,,,,,,,,83.8,,,,,,,,,,,,,,,,,,,,,,,
,,,,,,,,,86.9,,,,,,,,,,,,,,,,,,,,,,,
,,,,,,,,,87.5,,,,,,,,,,,,,,,,,,,,,,,
,,,,,,,,,87.7,,,,,,,,,,,,,,,,,,,,,,,
,,,,,,,,,89.3,,,,,,,,,,,,,,,,,,,,,,,
,,,,,,,,,83.3,,,,,,,,,,,,,,,,,,,,,,,
,,,,,,,,,84.4,,,,,,,,,,,,,,,,,,,,,,,
,,,,,,,,,80.7,,,,,,,,,,,,,,,,,,,,,,,
,,,,,,,,,85,,,,,,,,,,,,,,,,,,,,,,,
,,,,,,,,,84.3,,,,,,,,,,,,,,,,,,,,,,,
,,,,,,,,,86,,,,,,,,,,,,,,,,,,,,,,,
,,,,,,,,,86.9,,,,,,,,,,,,,,,,,,,,,,,
,,,,,,,,,87.3,,,,,,,,,,,,,,,,,,,,,,,
,,,,,,,,,84.9,,,,,,,,,,,,,,,,,,,,,,,
,,,,,,,,,,,,,,,,,,,,,,,,,,,,,,,,
,,,,,,,,,81.2,,,,,,,,,,,,,,,,,,,,,,,
,,,,,,,,,83.9,,,,,,,,,,,,,,,,,,,,,,,
,,,,,,,,,82,,,,,,,,,,,,,,,,,,,,,,,
,,,,,,,,,81.2,,,,,,,,,,,,,,,,,,,,,,,
,,,,,,,,,85.5,,,,,,,,,,,,,,,,,,,,,,,
,,,,,,,,,85.4,,,,,,,,,,,,,,,,,,,,,,,
,,,,,,,,,82.9,,,,,,,,,,,,,,,,,,,,,,,
,,,,,,,,,86.1,,,,,,,,,,,,,,,,,,,,,,,
,,,,,,,,,80.8,,,,,,,,,,,,,,,,,,,,,,,
,,,,,,,,,84.3,,,,,,,,,,,,,,,,,,,,,,,
,,,,,,,,,82.1,,,,,,,,,,,,,,,,,,,,,,,
,,,,,,,,,84.8,,,,,,,,,,,,,,,,,,,,,,,
,,,,,,,,,,,,,,,,,,,,,,,,,,,,,,,,
,,,,,,,,,82.1,,,,,,,,,,,,,,,,,,,,,,,
,,,,,,,,,85.7,,,,,,,,,,,,,,,,,,,,,,,
,,,,,,,,,,,,,,,,,,,,,,,,,,,,,,,,
,,,,,,,,,86.9,,,,,,,,,,,,,,,,,,,,,,,
,,,,,,,,,87.6,,,,,,,,,,,,,,,,,,,,,,,
,,,,,,,,,82.7,,,,,,,,,,,,,,,,,,,,,,,
,,,,,,,,,85.5,,,,,,,,,,,,,,,,,,,,,,,
,,,,,,,,,84.1,,,,,,,,,,,,,,,,,,,,,,,
,,,,,,,,,85.9,,,,,,,,,,,,,,,,,,,,,,,
,,,,,,,,,83.9,,,,,,,,,,,,,,,,,,,,,,,
,,,,,,,,,86,,,,,,,,,,,,,,,,,,,,,,,
,,,,,,,,,85.8,,,,,,,,,,,,,,,,,,,,,,,
,,,,,,,,,83.8,,,,,,,,,,,,,,,,,,,,,,,
,,,,,,,,,84.3,,,,,,,,,,,,,,,,,,,,,,,
,,,,,,,,,86.2,,,,,,,,,,,,,,,,,,,,,,,
,,,,,,,,,85.7,,,,,,,,,,,,,,,,,,,,,,,
,,,,,,,,,85,,,,,,,,,,,,,,,,,,,,,,,
,,,,,,,,,86.3,,,,,,,,,,,,,,,,,,,,,,,
,,,,,,,,,,,,,,,,,,,,,,,,,,,,,,,,
,,,,,,,,,,,,,,,,,,,,,,,,,,,,,,,,
,,,,,,,,,80.9,,,,,,,,,,,,,,,,,,,,,,,
,,,,,,,,,86.3,,,,,,,,,,,,,,,,,,,,,,,
,,,,,,,,,,,,,,,,,,,,,,,,,,,,,,,,
,,,,,,,,,86.6,,,,,,,,,,,,,,,,,,,,,,,
,,,,,,,,,83.2,,,,,,,,,,,,,,,,,,,,,,,
,,,,,,,,,88,,,,,,,,,,,,,,,,,,,,,,,
,,,,,,,,,,,,,,,,,,,,,,,,,,,,,,,,
,,,,,,,,,82,,,,,,,,,,,,,,,,,,,,,,,
,,,,,,,,,,,,,,,,,,,,,,,,,,,,,,,,
,,,,,,,,,79.2,,,,,,,,,,,,,,,,,,,,,,,
,,,,,,,,,86.4,,,,,,,,,,,,,,,,,,,,,,,
,,,,,,,,,85.2,,,,,,,,,,,,,,,,,,,,,,,
,,,,,,,,,82.9,,,,,,,,,,,,,,,,,,,,,,,
,,,,,,,,,80.4,,,,,,,,,,,,,,,,,,,,,,,
,,,,,,,,,82.8,,,,,,,,,,,,,,,,,,,,,,,
,,,,,,,,,83.5,,,,,,,,,,,,,,,,,,,,,,,
,,,,,,,,,82.1,,,,,,,,,,,,,,,,,,,,,,,
,,,,,,,,,83.9,,,,,,,,,,,,,,,,,,,,,,,
,,,,,,,,,85.7,,,,,,,,,,,,,,,,,,,,,,,
,,,,,,,,,79.6,,,,,,,,,,,,,,,,,,,,,,,
,,,,,,,,,77.5,,,,,,,,,,,,,,,,,,,,,,,
,,,,,,,,,85,,,,,,,,,,,,,,,,,,,,,,,
,,,,,,,,,86.1,,,,,,,,,,,,,,,,,,,,,,,
,,,,,,,,,85.8,,,,,,,,,,,,,,,,,,,,,,,
,,,,,,,,,86.9,,,,,,,,,,,,,,,,,,,,,,,
,,,,,,,,,78.9,,,,,,,,,,,,,,,,,,,,,,,
,,,,,,,,,84.3,,,,,,,,,,,,,,,,,,,,,,,
,,,,,,,,,83.7,,,,,,,,,,,,,,,,,,,,,,,
,,,,,,,,,81.3,,,,,,,,,,,,,,,,,,,,,,,
,,,,,,,,,86.2,,,,,,,,,,,,,,,,,,,,,,,
,,,,,,,,,85,,,,,,,,,,,,,,,,,,,,,,,
,,,,,,,,,82.6,,,,,,,,,,,,,,,,,,,,,,,
,,,,,,,,,79.7,,,,,,,,,,,,,,,,,,,,,,,
,,,,,,,,,87.7,,,,,,,,,,,,,,,,,,,,,,,
,,,,,,,,,81.7,,,,,,,,,,,,,,,,,,,,,,,
,,,,,,,,,81,,,,,,,,,,,,,,,,,,,,,,,
,,,,,,,,,93.2,,,,,,,,,,,,,,,,,,,,,,,
,,,,,,,,,86.7,,,,,,,,,,,,,,,,,,,,,,,
,,,,,,,,,84.7,,,,,,,,,,,,,,,,,,,,,,,
,,,,,,,,,83.3,,,,,,,,,,,,,,,,,,,,,,,
,,,,,,,,,86.2,,,,,,,,,,,,,,,,,,,,,,,
,,,,,,,,,82.4,,,,,,,,,,,,,,,,,,,,,,,
